insert into artigo (idatividade, nome, descricao, data, publicoalvo) values (1, 'Turn Left at the End of the World (Sof Ha''Olam Smola)', 'Nam nulla. Integer pede justo, lacinia eget, tincidunt eget, tempus vel, pede.', '2019-08-23', 'Civil Engineer');
insert into artigo (idatividade, nome, descricao, data, publicoalvo) values (2, 'Deeper Shade of Blue, A', 'Nam tristique tortor eu pede.', '2019-03-05', 'Sales Representative');
insert into artigo (idatividade, nome, descricao, data, publicoalvo) values (3, 'Into Great Silence (Die große Stille)', 'Suspendisse potenti. Nullam porttitor lacus at turpis. Donec posuere metus vitae ipsum. Aliquam non mauris. Morbi non lectus. Aliquam sit amet diam in magna bibendum imperdiet.', '2020-11-09', 'Teacher');
insert into artigo (idatividade, nome, descricao, data, publicoalvo) values (4, 'Jungle Book 2, The', 'Duis aliquam convallis nunc. Proin at turpis a pede posuere nonummy.', '2019-01-30', 'Pharmacist');
insert into artigo (idatividade, nome, descricao, data, publicoalvo) values (5, 'Berserk: The Golden Age Arc 3 - Descent', 'In tempor, turpis nec euismod scelerisque, quam turpis adipiscing lorem, vitae mattis nibh ligula nec sem. Duis aliquam convallis nunc. Proin at turpis a pede posuere nonummy. Integer non velit.', '2020-11-04', 'Chemical Engineer');
insert into artigo (idatividade, nome, descricao, data, publicoalvo) values (6, 'Good Luck Chuck', 'Proin leo odio, porttitor id, consequat in, consequat ut, nulla. Sed accumsan felis. Ut at dolor quis odio consequat varius. Integer ac leo.', '2020-08-13', 'Nuclear Power Engineer');
insert into artigo (idatividade, nome, descricao, data, publicoalvo) values (7, 'Masque of the Red Death, The', 'Donec semper sapien a libero. Nam dui. Proin leo odio, porttitor id, consequat in, consequat ut, nulla. Sed accumsan felis.', '2019-04-17', 'Recruiter');
insert into artigo (idatividade, nome, descricao, data, publicoalvo) values (8, 'The Evictors', 'Cum sociis natoque penatibus et magnis dis parturient montes, nascetur ridiculus mus. Etiam vel augue. Vestibulum rutrum rutrum neque. Aenean auctor gravida sem. Praesent id massa id nisl venenatis lacinia. Aenean sit amet justo.', '2020-02-15', 'Account Coordinator');
insert into artigo (idatividade, nome, descricao, data, publicoalvo) values (9, 'High and Low (Tengoku to jigoku)', 'Vivamus vel nulla eget eros elementum pellentesque. Quisque porta volutpat erat. Quisque erat eros, viverra eget, congue eget, semper rutrum, nulla. Nunc purus. Phasellus in felis.', '2020-07-10', 'Senior Developer');
insert into artigo (idatividade, nome, descricao, data, publicoalvo) values (10, 'Gumby: The Movie', 'Donec vitae nisi. Nam ultrices, libero non mattis pulvinar, nulla pede ullamcorper augue, a suscipit nulla elit ac nulla. Sed vel enim sit amet nunc viverra dapibus. Nulla suscipit ligula in lacus.', '2020-03-29', 'Analyst Programmer');
insert into artigo (idatividade, nome, descricao, data, publicoalvo) values (11, 'Main Street', 'Nam congue, risus semper porta volutpat, quam pede lobortis ligula, sit amet eleifend pede libero quis orci. Nullam molestie nibh in lectus.', '2020-05-16', 'Senior Quality Engineer');
insert into artigo (idatividade, nome, descricao, data, publicoalvo) values (12, 'Snipes', 'Integer tincidunt ante vel ipsum.', '2020-06-01', 'Senior Financial Analyst');
insert into artigo (idatividade, nome, descricao, data, publicoalvo) values (13, 'Angriest Man in Brooklyn, The', 'Nullam porttitor lacus at turpis. Donec posuere metus vitae ipsum. Aliquam non mauris. Morbi non lectus. Aliquam sit amet diam in magna bibendum imperdiet.', '2020-06-11', 'Senior Sales Associate');
insert into artigo (idatividade, nome, descricao, data, publicoalvo) values (14, 'Unforgiven', 'Nunc nisl. Duis bibendum, felis sed interdum venenatis, turpis enim blandit mi, in porttitor pede justo eu massa. Donec dapibus. Duis at velit eu est congue elementum. In hac habitasse platea dictumst.', '2019-10-04', 'Teacher');
insert into artigo (idatividade, nome, descricao, data, publicoalvo) values (15, 'Art of Crying, The (Kunsten at græde i kor)', 'Proin leo odio, porttitor id, consequat in, consequat ut, nulla. Sed accumsan felis.', '2020-04-13', 'Speech Pathologist');

insert into beneficio (idbeneficio, nome, descricao) values (1, 'Goldenrod', 'Vestibulum quam sapien, varius ut, blandit non, interdum in, ante. Vestibulum ante ipsum primis in faucibus orci luctus et ultrices posuere cubilia Curae; Duis faucibus accumsan odio. Curabitur convallis. Duis consequat dui nec nisi volutpat eleifend.');
insert into beneficio (idbeneficio, nome, descricao) values (2, 'Teal', 'Duis aliquam convallis nunc.');
insert into beneficio (idbeneficio, nome, descricao) values (3, 'Teal', 'Integer non velit. Donec diam neque, vestibulum eget, vulputate ut, ultrices vel, augue.');
insert into beneficio (idbeneficio, nome, descricao) values (4, 'Khaki', 'Quisque erat eros, viverra eget, congue eget, semper rutrum, nulla. Nunc purus. Phasellus in felis. Donec semper sapien a libero. Nam dui. Proin leo odio, porttitor id, consequat in, consequat ut, nulla.');
insert into beneficio (idbeneficio, nome, descricao) values (5, 'Blue', 'Donec vitae nisi. Nam ultrices, libero non mattis pulvinar, nulla pede ullamcorper augue, a suscipit nulla elit ac nulla. Sed vel enim sit amet nunc viverra dapibus. Nulla suscipit ligula in lacus. Curabitur at ipsum ac tellus semper interdum.');
insert into beneficio (idbeneficio, nome, descricao) values (6, 'Crimson', 'Vestibulum ante ipsum primis in faucibus orci luctus et ultrices posuere cubilia Curae; Duis faucibus accumsan odio. Curabitur convallis. Duis consequat dui nec nisi volutpat eleifend.');
insert into beneficio (idbeneficio, nome, descricao) values (7, 'Puce', 'Duis bibendum. Morbi non quam nec dui luctus rutrum. Nulla tellus. In sagittis dui vel nisl. Duis ac nibh.');
insert into beneficio (idbeneficio, nome, descricao) values (8, 'Indigo', 'Quisque id justo sit amet sapien dignissim vestibulum. Vestibulum ante ipsum primis in faucibus orci luctus et ultrices posuere cubilia Curae; Nulla dapibus dolor vel est.');
insert into beneficio (idbeneficio, nome, descricao) values (9, 'Mauv', 'Integer ac leo. Pellentesque ultrices mattis odio. Donec vitae nisi.');
insert into beneficio (idbeneficio, nome, descricao) values (10, 'Aquamarine', 'Integer a nibh. In quis justo. Maecenas rhoncus aliquam lacus. Morbi quis tortor id nulla ultrices aliquet.');
insert into beneficio (idbeneficio, nome, descricao) values (11, 'Red', 'Donec dapibus. Duis at velit eu est congue elementum. In hac habitasse platea dictumst. Morbi vestibulum, velit id pretium iaculis, diam erat fermentum justo, nec condimentum neque sapien placerat ante.');
insert into beneficio (idbeneficio, nome, descricao) values (12, 'Aquamarine', 'In hac habitasse platea dictumst. Aliquam augue quam, sollicitudin vitae, consectetuer eget, rutrum at, lorem. Integer tincidunt ante vel ipsum.');

insert into certificado (idcertificado, descricao, data, cargahoraria) values (1, 'Grass-roots contextually-based policy', '2020-07-26', 24);
insert into certificado (idcertificado, descricao, data, cargahoraria) values (2, 'Customer-focused client-server moderator', '2020-04-27', 8);
insert into certificado (idcertificado, descricao, data, cargahoraria) values (3, 'Triple-buffered intermediate superstructure', '2020-03-09', 18);
insert into certificado (idcertificado, descricao, data, cargahoraria) values (4, 'Distributed explicit info-mediaries', '2018-11-18', 13);
insert into certificado (idcertificado, descricao, data, cargahoraria) values (5, 'Profit-focused reciprocal circuit', '2019-10-16', 13);
insert into certificado (idcertificado, descricao, data, cargahoraria) values (6, 'Ergonomic multi-state Graphic Interface', '2020-07-05', 14);
insert into certificado (idcertificado, descricao, data, cargahoraria) values (7, 'Innovative high-level middleware', '2019-07-19', 18);
insert into certificado (idcertificado, descricao, data, cargahoraria) values (8, 'Centralized directional knowledge user', '2019-10-17', 17);
insert into certificado (idcertificado, descricao, data, cargahoraria) values (9, 'User-centric executive protocol', '2019-08-11', 9);
insert into certificado (idcertificado, descricao, data, cargahoraria) values (10, 'Advanced 3rd generation contingency', '2019-10-18', 1);
insert into certificado (idcertificado, descricao, data, cargahoraria) values (11, 'Seamless global moratorium', '2018-12-28', 8);
insert into certificado (idcertificado, descricao, data, cargahoraria) values (12, 'Versatile bottom-line project', '2020-06-14', 16);
insert into certificado (idcertificado, descricao, data, cargahoraria) values (13, 'Sharable intangible circuit', '2019-02-24', 15);
insert into certificado (idcertificado, descricao, data, cargahoraria) values (14, 'Organized actuating infrastructure', '2020-09-07', 1);
insert into certificado (idcertificado, descricao, data, cargahoraria) values (15, 'Triple-buffered dynamic synergy', '2019-07-06', 17);

insert into desconto (iddesconto, valor, descricao) values (1, 224.13, 'Vestibulum ante ipsum primis in faucibus orci luctus et ultrices posuere cubilia Curae; Duis faucibus accumsan odio. Curabitur convallis.');
insert into desconto (iddesconto, valor, descricao) values (2, 22.79, 'Cras mi pede, malesuada in, imperdiet et, commodo vulputate, justo.');
insert into desconto (iddesconto, valor, descricao) values (3, 90.63, 'Proin at turpis a pede posuere nonummy.');
insert into desconto (iddesconto, valor, descricao) values (4, 125.91, 'Vivamus vestibulum sagittis sapien.');
insert into desconto (iddesconto, valor, descricao) values (5, 108.74, 'Duis ac nibh. Fusce lacus purus, aliquet at, feugiat non, pretium quis, lectus.');
insert into desconto (iddesconto, valor, descricao) values (6, 80.9, 'Suspendisse potenti. In eleifend quam a odio.');
insert into desconto (iddesconto, valor, descricao) values (7, 42.51, 'Cras non velit nec nisi vulputate nonummy. Maecenas tincidunt lacus at velit.');
insert into desconto (iddesconto, valor, descricao) values (8, 230.71, 'Morbi ut odio. Cras mi pede, malesuada in, imperdiet et, commodo vulputate, justo.');
insert into desconto (iddesconto, valor, descricao) values (9, 73.29, 'Aliquam sit amet diam in magna bibendum imperdiet. Nullam orci pede, venenatis non, sodales sed, tincidunt eu, felis.');
insert into desconto (iddesconto, valor, descricao) values (10, 163.46, 'Proin eu mi.');
insert into desconto (iddesconto, valor, descricao) values (11, 119.26, 'Integer pede justo, lacinia eget, tincidunt eget, tempus vel, pede. Morbi porttitor lorem id ligula.');
insert into desconto (iddesconto, valor, descricao) values (12, 185.17, 'Vestibulum ante ipsum primis in faucibus orci luctus et ultrices posuere cubilia Curae; Donec pharetra, magna vestibulum aliquet ultrices, erat tortor sollicitudin mi, sit amet lobortis sapien sapien non mi. Integer ac neque.');

insert into entidade (identidade, nome, telefone, email) values (1, 'Zontrax', '+55(68)95983-1133', 'wmalkin0@webmd.com');
insert into entidade (identidade, nome, telefone, email) values (2, 'Stronghold', '+55(09)99737-7117', 'athairs1@dropbox.com');
insert into entidade (identidade, nome, telefone, email) values (3, 'Tin', '+55(36)93505-7362', 'shoys2@list-manage.com');
insert into entidade (identidade, nome, telefone, email) values (4, 'Andalax', '+55(20)94211-1125', 'imansfield3@paginegialle.it');
insert into entidade (identidade, nome, telefone, email) values (5, 'Y-find', '+55(85)99545-4134', 'nsewall4@mit.edu');
insert into entidade (identidade, nome, telefone, email) values (6, 'Kanlam', '+55(28)96783-2101', 'eseal5@typepad.com');
insert into entidade (identidade, nome, telefone, email) values (7, 'Fix San', '+55(70)97017-1112', 'gmullineux6@npr.org');
insert into entidade (identidade, nome, telefone, email) values (8, 'Latlux', '+55(90)91412-5718', 'aoshiel7@nsw.gov.au');
insert into entidade (identidade, nome, telefone, email) values (9, 'Stronghold', '+55(71)96234-0877', 'vreddish8@salon.com');
insert into entidade (identidade, nome, telefone, email) values (10, 'Subin', '+55(50)94566-9466', 'maguirrezabal9@mit.edu');
insert into entidade (identidade, nome, telefone, email) values (11, 'Bitchip', '+55(76)92538-2873', 'mcoada@discuz.net');
insert into entidade (identidade, nome, telefone, email) values (12, 'Bamity', '+55(62)97080-4984', 'ctaudevinb@mapy.cz');
insert into entidade (identidade, nome, telefone, email) values (13, 'Hatity', '+55(04)92918-4977', 'kheffordc@npr.org');
insert into entidade (identidade, nome, telefone, email) values (14, 'Stim', '+55(02)92498-7080', 'bdurgand@ameblo.jp');
insert into entidade (identidade, nome, telefone, email) values (15, 'Zontrax', '+55(78)93877-2505', 'asollnere@chron.com');
insert into entidade (identidade, nome, telefone, email) values (16, 'Andalax', '+55(31)94613-1809', 'tdrewsonf@house.gov');
insert into entidade (identidade, nome, telefone, email) values (17, 'Greenlam', '+55(79)96535-4969', 'dgoodieg@elegantthemes.com');
insert into entidade (identidade, nome, telefone, email) values (18, 'Subin', '+55(43)99413-4757', 'mshergoldh@soundcloud.com');
insert into entidade (identidade, nome, telefone, email) values (19, 'Zathin', '+55(03)97384-9475', 'aboudi@lulu.com');
insert into entidade (identidade, nome, telefone, email) values (20, 'Rank', '+55(94)96368-1771', 'bpaffittj@latimes.com');

insert into universidade (mec, razaosocial, fk_entidade_identidade) values ('CVBF', 'Seikei University', 15);
insert into universidade (mec, razaosocial, fk_entidade_identidade) values ('ECR', 'Universidad Nacional de Entre Ríos', 16);
insert into universidade (mec, razaosocial, fk_entidade_identidade) values ('SR', 'California University of Pennsylvania', 17);
insert into universidade (mec, razaosocial, fk_entidade_identidade) values ('BIO.B', 'Ohio University - Zanesville', 18);
insert into universidade (mec, razaosocial, fk_entidade_identidade) values ('IBOC', 'Matn University', 19);
insert into universidade (mec, razaosocial, fk_entidade_identidade) values ('CHRW', 'Arab American University - Jenin', 20);

insert into evento (idevento, tema, nome, edicao) values (1, 'Finance', 'Open-source holistic installation', 2020);
insert into evento (idevento, tema, nome, edicao) values (2, 'Consumer Services', 'Front-line zero tolerance archive', 2019);
insert into evento (idevento, tema, nome, edicao) values (3, 'Health Care', 'Cloned attitude-oriented encoding', 2019);
insert into evento (idevento, tema, nome, edicao) values (4, 'Consumer Non-Durables', 'Triple-buffered bandwidth-monitored utilisation', 2019);
insert into evento (idevento, tema, nome, edicao) values (5, 'Health Care', 'Synchronised national task-force', 2020);
insert into evento (idevento, tema, nome, edicao) values (6, 'Basic Industries', 'Upgradable multimedia time-frame', 2019);
insert into evento (idevento, tema, nome, edicao) values (7, 'Consumer Services', 'Organic intermediate adapter', 2019);
insert into evento (idevento, tema, nome, edicao) values (8, 'Consumer Non-Durables', 'Reduced executive collaboration', 2019);
insert into evento (idevento, tema, nome, edicao) values (9, 'Finance', 'Automated full-range protocol', 2019);
insert into evento (idevento, tema, nome, edicao) values (10, 'Public Utilities', 'Vision-oriented bandwidth-monitored capacity', 2020);

insert into veiculo (idveiculo, marca, modelo, ano) values (1, 'Subaru', 'Impreza', 2001);
insert into veiculo (idveiculo, marca, modelo, ano) values (2, 'Buick', 'Skylark', 1991);
insert into veiculo (idveiculo, marca, modelo, ano) values (3, 'Ford', 'Crown Victoria', 1995);
insert into veiculo (idveiculo, marca, modelo, ano) values (4, 'Mercedes-Benz', 'S-Class', 2009);
insert into veiculo (idveiculo, marca, modelo, ano) values (5, 'Mercury', 'Topaz', 1992);
insert into veiculo (idveiculo, marca, modelo, ano) values (6, 'Mitsubishi', 'Outlander', 2012);
insert into veiculo (idveiculo, marca, modelo, ano) values (7, 'Bentley', 'Mulsanne', 2012);
insert into veiculo (idveiculo, marca, modelo, ano) values (8, 'Chevrolet', 'Suburban 1500', 1995);
insert into veiculo (idveiculo, marca, modelo, ano) values (9, 'Spyker', 'C8', 2005);
insert into veiculo (idveiculo, marca, modelo, ano) values (10, 'Mercedes-Benz', 'S-Class', 2001);
insert into veiculo (idveiculo, marca, modelo, ano) values (11, 'Ford', 'Thunderbird', 1995);
insert into veiculo (idveiculo, marca, modelo, ano) values (12, 'Nissan', 'Titan', 2007);

-- inserts com fk

insert into transfer (idtransfer, horainicio, horafim, intervalo, fk_veiculo_idveiculo) values (1, '08:00', '18:00', '82 min', 5);
insert into transfer (idtransfer, horainicio, horafim, intervalo, fk_veiculo_idveiculo) values (2, '08:00', '18:00', '11 min', 10);
insert into transfer (idtransfer, horainicio, horafim, intervalo, fk_veiculo_idveiculo) values (3, '08:00', '18:00', '15 min', 9);
insert into transfer (idtransfer, horainicio, horafim, intervalo, fk_veiculo_idveiculo) values (4, '08:00', '18:00', '67 min', 12);
insert into transfer (idtransfer, horainicio, horafim, intervalo, fk_veiculo_idveiculo) values (5, '08:00', '18:00', '16 min', 6);
insert into transfer (idtransfer, horainicio, horafim, intervalo, fk_veiculo_idveiculo) values (6, '08:00', '18:00', '79 min', 6);

insert into atividade (idatividade, nome, descricao, data, publicoalvo, fk_evento_idevento) values (1, 'Streamlined dedicated migration', 'Nulla ac enim. In tempor, turpis nec euismod scelerisque, quam turpis adipiscing lorem, vitae mattis nibh ligula nec sem.', '2020-03-09', 'Clinical Specialist', 3);
insert into atividade (idatividade, nome, descricao, data, publicoalvo, fk_evento_idevento) values (2, 'Universal uniform software', 'Mauris enim leo, rhoncus sed, vestibulum sit amet, cursus id, turpis. Integer aliquet, massa id lobortis convallis, tortor risus dapibus augue, vel accumsan tellus nisi eu orci.', '2020-04-22', 'Senior Editor', 6);
insert into atividade (idatividade, nome, descricao, data, publicoalvo, fk_evento_idevento) values (3, 'Operative bifurcated paradigm', 'Vestibulum ante ipsum primis in faucibus orci luctus et ultrices posuere cubilia Curae; Mauris viverra diam vitae quam. Suspendisse potenti. Nullam porttitor lacus at turpis.', '2019-07-25', 'Senior Quality Engineer', 8);
insert into atividade (idatividade, nome, descricao, data, publicoalvo, fk_evento_idevento) values (4, 'Profound mission-critical project', 'In hac habitasse platea dictumst.', '2019-08-15', 'Physical Therapy Assistant', 3);
insert into atividade (idatividade, nome, descricao, data, publicoalvo, fk_evento_idevento) values (5, 'Versatile non-volatile model', 'In hac habitasse platea dictumst. Maecenas ut massa quis augue luctus tincidunt.', '2020-08-21', 'Programmer Analyst I', 10);
insert into atividade (idatividade, nome, descricao, data, publicoalvo, fk_evento_idevento) values (6, 'Phased scalable paradigm', 'Curabitur convallis. Duis consequat dui nec nisi volutpat eleifend.', '2019-10-19', 'Software Test Engineer II', 10);
insert into atividade (idatividade, nome, descricao, data, publicoalvo, fk_evento_idevento) values (7, 'Configurable attitude-oriented policy', 'Lorem ipsum dolor sit amet, consectetuer adipiscing elit. Proin interdum mauris non ligula pellentesque ultrices.', '2019-10-28', 'Senior Sales Associate', 6);
insert into atividade (idatividade, nome, descricao, data, publicoalvo, fk_evento_idevento) values (8, 'Total directional moderator', 'In eleifend quam a odio. In hac habitasse platea dictumst. Maecenas ut massa quis augue luctus tincidunt.', '2019-03-24', 'Structural Analysis Engineer', 1);
insert into atividade (idatividade, nome, descricao, data, publicoalvo, fk_evento_idevento) values (9, 'Configurable zero tolerance data-warehouse', 'Donec posuere metus vitae ipsum. Aliquam non mauris.', '2019-08-25', 'Civil Engineer', 3);
insert into atividade (idatividade, nome, descricao, data, publicoalvo, fk_evento_idevento) values (10, 'Future-proofed static firmware', 'In sagittis dui vel nisl. Duis ac nibh.', '2019-10-24', 'Database Administrator I', 4);
insert into atividade (idatividade, nome, descricao, data, publicoalvo, fk_evento_idevento) values (11, 'Multi-channelled tertiary artificial intelligence', 'Vestibulum sed magna at nunc commodo placerat.', '2020-06-12', 'Librarian', 1);
insert into atividade (idatividade, nome, descricao, data, publicoalvo, fk_evento_idevento) values (12, 'Down-sized hybrid project', 'Integer non velit. Donec diam neque, vestibulum eget, vulputate ut, ultrices vel, augue. Vestibulum ante ipsum primis in faucibus orci luctus et ultrices posuere cubilia Curae; Donec pharetra, magna vestibulum aliquet ultrices, erat tortor sollicitudin mi, sit amet lobortis sapien sapien non mi.', '2019-09-19', 'Nurse', 7);
insert into atividade (idatividade, nome, descricao, data, publicoalvo, fk_evento_idevento) values (13, 'Reduced cohesive matrices', 'Curabitur convallis. Duis consequat dui nec nisi volutpat eleifend.', '2020-05-31', 'VP Quality Control', 2);
insert into atividade (idatividade, nome, descricao, data, publicoalvo, fk_evento_idevento) values (14, 'Front-line fault-tolerant toolset', 'Aenean auctor gravida sem.', '2019-07-25', 'Director of Sales', 10);
insert into atividade (idatividade, nome, descricao, data, publicoalvo, fk_evento_idevento) values (15, 'Phased attitude-oriented open system', 'Sed sagittis. Nam congue, risus semper porta volutpat, quam pede lobortis ligula, sit amet eleifend pede libero quis orci.', '2020-01-09', 'Account Representative III', 9);
insert into atividade (idatividade, nome, descricao, data, publicoalvo, fk_evento_idevento) values (16, 'Ergonomic tangible encryption', 'Donec ut dolor. Morbi vel lectus in quam fringilla rhoncus. Mauris enim leo, rhoncus sed, vestibulum sit amet, cursus id, turpis.', '2020-10-14', 'Computer Systems Analyst I', 2);
insert into atividade (idatividade, nome, descricao, data, publicoalvo, fk_evento_idevento) values (17, 'Seamless regional approach', 'Morbi sem mauris, laoreet ut, rhoncus aliquet, pulvinar sed, nisl. Nunc rhoncus dui vel sem. Sed sagittis.', '2019-09-01', 'VP Marketing', 1);
insert into atividade (idatividade, nome, descricao, data, publicoalvo, fk_evento_idevento) values (18, 'Customizable attitude-oriented website', 'Ut at dolor quis odio consequat varius. Integer ac leo.', '2019-11-14', 'Engineer II', 6);
insert into atividade (idatividade, nome, descricao, data, publicoalvo, fk_evento_idevento) values (19, 'Focused leading edge artificial intelligence', 'Vivamus in felis eu sapien cursus vestibulum.', '2020-03-17', 'Payment Adjustment Coordinator', 2);
insert into atividade (idatividade, nome, descricao, data, publicoalvo, fk_evento_idevento) values (20, 'Face to face reciprocal hub', 'Quisque id justo sit amet sapien dignissim vestibulum. Vestibulum ante ipsum primis in faucibus orci luctus et ultrices posuere cubilia Curae; Nulla dapibus dolor vel est. Donec odio justo, sollicitudin ut, suscipit a, feugiat et, eros.', '2020-10-31', 'Staff Accountant III', 1);
insert into atividade (idatividade, nome, descricao, data, publicoalvo, fk_evento_idevento) values (21, 'Multi-channelled discrete solution', 'Nullam varius.', '2019-09-04', 'Environmental Tech', 3);
insert into atividade (idatividade, nome, descricao, data, publicoalvo, fk_evento_idevento) values (22, 'Advanced bandwidth-monitored policy', 'In hac habitasse platea dictumst. Etiam faucibus cursus urna.', '2019-10-07', 'Senior Cost Accountant', 2);
insert into atividade (idatividade, nome, descricao, data, publicoalvo, fk_evento_idevento) values (23, 'Triple-buffered multimedia moratorium', 'Etiam pretium iaculis justo.', '2020-11-03', 'Operator', 3);
insert into atividade (idatividade, nome, descricao, data, publicoalvo, fk_evento_idevento) values (24, 'Cross-platform 24 hour strategy', 'Phasellus sit amet erat. Nulla tempus. Vivamus in felis eu sapien cursus vestibulum.', '2019-08-02', 'Staff Accountant I', 5);
insert into atividade (idatividade, nome, descricao, data, publicoalvo, fk_evento_idevento) values (25, 'Balanced global array', 'Morbi vel lectus in quam fringilla rhoncus. Mauris enim leo, rhoncus sed, vestibulum sit amet, cursus id, turpis.', '2019-05-07', 'Desktop Support Technician', 4);
insert into atividade (idatividade, nome, descricao, data, publicoalvo, fk_evento_idevento) values (26, 'Phased dedicated frame', 'Aliquam non mauris. Morbi non lectus.', '2019-07-29', 'Technical Writer', 7);
insert into atividade (idatividade, nome, descricao, data, publicoalvo, fk_evento_idevento) values (27, 'Customizable systemic definition', 'Morbi odio odio, elementum eu, interdum eu, tincidunt in, leo.', '2019-04-12', 'Account Representative III', 10);
insert into atividade (idatividade, nome, descricao, data, publicoalvo, fk_evento_idevento) values (28, 'Right-sized real-time knowledge base', 'Nullam varius. Nulla facilisi.', '2020-02-08', 'Administrative Assistant II', 7);
insert into atividade (idatividade, nome, descricao, data, publicoalvo, fk_evento_idevento) values (29, 'Multi-lateral client-server strategy', 'Morbi porttitor lorem id ligula. Suspendisse ornare consequat lectus.', '2020-10-10', 'Assistant Professor', 1);
insert into atividade (idatividade, nome, descricao, data, publicoalvo, fk_evento_idevento) values (30, 'Optimized intermediate leverage', 'Praesent blandit lacinia erat.', '2020-10-27', 'Senior Editor', 6);
insert into atividade (idatividade, nome, descricao, data, publicoalvo, fk_evento_idevento) values (31, 'Universal attitude-oriented methodology', 'Integer aliquet, massa id lobortis convallis, tortor risus dapibus augue, vel accumsan tellus nisi eu orci. Mauris lacinia sapien quis libero. Nullam sit amet turpis elementum ligula vehicula consequat.', '2019-12-04', 'Design Engineer', 9);
insert into atividade (idatividade, nome, descricao, data, publicoalvo, fk_evento_idevento) values (32, 'Switchable multi-state help-desk', 'Duis consequat dui nec nisi volutpat eleifend.', '2020-01-19', 'Biostatistician III', 7);
insert into atividade (idatividade, nome, descricao, data, publicoalvo, fk_evento_idevento) values (33, 'Pre-emptive attitude-oriented flexibility', 'Mauris ullamcorper purus sit amet nulla. Quisque arcu libero, rutrum ac, lobortis vel, dapibus at, diam.', '2020-08-13', 'Web Developer II', 1);
insert into atividade (idatividade, nome, descricao, data, publicoalvo, fk_evento_idevento) values (34, 'Front-line holistic pricing structure', 'Donec vitae nisi.', '2020-04-24', 'Electrical Engineer', 9);
insert into atividade (idatividade, nome, descricao, data, publicoalvo, fk_evento_idevento) values (35, 'Stand-alone fresh-thinking artificial intelligence', 'Donec dapibus.', '2019-07-01', 'Senior Quality Engineer', 2);
insert into atividade (idatividade, nome, descricao, data, publicoalvo, fk_evento_idevento) values (36, 'Proactive encompassing conglomeration', 'Ut tellus. Nulla ut erat id mauris vulputate elementum. Nullam varius.', '2020-08-31', 'Chemical Engineer', 4);
insert into atividade (idatividade, nome, descricao, data, publicoalvo, fk_evento_idevento) values (37, 'Function-based regional initiative', 'In eleifend quam a odio. In hac habitasse platea dictumst.', '2019-11-23', 'Geological Engineer', 3);
insert into atividade (idatividade, nome, descricao, data, publicoalvo, fk_evento_idevento) values (38, 'Right-sized optimizing task-force', 'Aliquam erat volutpat. In congue.', '2020-10-18', 'Director of Sales', 4);
insert into atividade (idatividade, nome, descricao, data, publicoalvo, fk_evento_idevento) values (39, 'Phased radical infrastructure', 'In hac habitasse platea dictumst. Etiam faucibus cursus urna. Ut tellus.', '2019-04-11', 'Structural Engineer', 3);
insert into atividade (idatividade, nome, descricao, data, publicoalvo, fk_evento_idevento) values (40, 'Right-sized local standardization', 'Phasellus sit amet erat. Nulla tempus.', '2020-05-19', 'Operator', 3);



insert into tutorial (tema, fk_atividade_idatividade) values ('Natural Gas Distribution', 33);
insert into tutorial (tema, fk_atividade_idatividade) values ('Major Banks', 34);
insert into tutorial (tema, fk_atividade_idatividade) values ('Trucking Freight/Courier Services', 35);
insert into tutorial (tema, fk_atividade_idatividade) values ('Major Banks', 36);
insert into tutorial (tema, fk_atividade_idatividade) values ('Life Insurance', 37);

insert into workshops (tema, fk_atividade_idatividade) values ('Trucking Freight/Courier Services', 36);
insert into workshops (tema, fk_atividade_idatividade) values ('Other Consumer Services', 37);
insert into workshops (tema, fk_atividade_idatividade) values ('Human Resources', 38);
insert into workshops (tema, fk_atividade_idatividade) values ('Real Estate Investment Trusts', 39);
insert into workshops (tema, fk_atividade_idatividade) values ('Research and Development', 40);

insert into anuncioonline  (idanuncioonline, titulo, descricao, url, acessos, custoporclique, fk_evento_idevento) values (1, 'brand seamless applications', 'Fully-configurable logistical system engine', 'https://storify.com/proin/eu/mi/nulla/ac/enim/in.xml', 10251, 0.84, 2);
insert into anuncioonline  (idanuncioonline, titulo, descricao, url, acessos, custoporclique, fk_evento_idevento) values (2, 'cultivate proactive initiatives', 'Monitored content-based system engine', 'http://scribd.com/quam/fringilla/rhoncus/mauris/enim/leo.xml', 11508, 0.34, 4);
insert into anuncioonline  (idanuncioonline, titulo, descricao, url, acessos, custoporclique, fk_evento_idevento) values (3, 'morph efficient systems', 'Mandatory non-volatile Graphical User Interface', 'https://yahoo.co.jp/id/pretium/iaculis/diam/erat/fermentum/justo.html', 11309, 3.8, 1);
insert into anuncioonline  (idanuncioonline, titulo, descricao, url, acessos, custoporclique, fk_evento_idevento) values (4, 'monetize interactive networks', 'Open-source needs-based leverage', 'http://nytimes.com/blandit/nam/nulla/integer/pede/justo/lacinia.png', 5747, 2.66, 2);
insert into anuncioonline  (idanuncioonline, titulo, descricao, url, acessos, custoporclique, fk_evento_idevento) values (5, 'facilitate turn-key infomediaries', 'Customer-focused tertiary focus group', 'https://cbc.ca/massa/donec.png', 11311, 1.74, 3);
insert into anuncioonline  (idanuncioonline, titulo, descricao, url, acessos, custoporclique, fk_evento_idevento) values (6, 'optimize cross-platform content', 'Enterprise-wide 24 hour matrix', 'http://wunderground.com/integer/non.html', 4452, 4.63, 1);
insert into anuncioonline  (idanuncioonline, titulo, descricao, url, acessos, custoporclique, fk_evento_idevento) values (7, 'grow visionary e-markets', 'Object-based interactive alliance', 'http://yahoo.com/in/hac/habitasse.png', 586, 4.41, 1);
insert into anuncioonline  (idanuncioonline, titulo, descricao, url, acessos, custoporclique, fk_evento_idevento) values (8, 'envisioneer mission-critical supply-chains', 'Enhanced encompassing forecast', 'https://hp.com/mus.json', 11254, 6.19, 5);
insert into anuncioonline  (idanuncioonline, titulo, descricao, url, acessos, custoporclique, fk_evento_idevento) values (9, 'transform world-class schemas', 'Reduced well-modulated product', 'https://blogspot.com/quam.xml', 6488, 1.19, 4);
insert into anuncioonline  (idanuncioonline, titulo, descricao, url, acessos, custoporclique, fk_evento_idevento) values (10, 'deploy sticky experiences', 'Total asymmetric model', 'http://pen.io/ut.jsp', 9767, 4.01, 3);
insert into anuncioonline  (idanuncioonline, titulo, descricao, url, acessos, custoporclique, fk_evento_idevento) values (11, 'recontextualize revolutionary e-services', 'Multi-channelled upward-trending contingency', 'http://symantec.com/habitasse/platea/dictumst/morbi.jsp', 2281, 4.3, 2);
insert into anuncioonline  (idanuncioonline, titulo, descricao, url, acessos, custoporclique, fk_evento_idevento) values (12, 'matrix integrated models', 'Balanced zero administration challenge', 'http://economist.com/mauris/ullamcorper/purus/sit/amet/nulla.xml', 4966, 3.63, 1);
insert into anuncioonline  (idanuncioonline, titulo, descricao, url, acessos, custoporclique, fk_evento_idevento) values (13, 'incentivize e-business web-readiness', 'Reverse-engineered client-driven challenge', 'http://lycos.com/in/leo/maecenas.json', 5235, 0.98, 3);
insert into anuncioonline  (idanuncioonline, titulo, descricao, url, acessos, custoporclique, fk_evento_idevento) values (14, 'envisioneer sticky schemas', 'Quality-focused background array', 'https://privacy.gov.au/porta/volutpat/quam/pede/lobortis/ligula.xml', 10821, 2.98, 5);
insert into anuncioonline  (idanuncioonline, titulo, descricao, url, acessos, custoporclique, fk_evento_idevento) values (15, 'cultivate strategic infomediaries', 'Streamlined context-sensitive local area network', 'https://scientificamerican.com/felis/fusce.jpg', 6606, 1.44, 3);

insert into atividadesocial (tipo, tema, fk_atividade_idatividade) values ('Training', 'So Much Water', 2);
insert into atividadesocial (tipo, tema, fk_atividade_idatividade) values ('Services', 'Coco Chanel', 2);
insert into atividadesocial (tipo, tema, fk_atividade_idatividade) values ('Human Resources', 'Wooden Bridge, The', 5);
insert into atividadesocial (tipo, tema, fk_atividade_idatividade) values ('Engineering', 'Stand Up and Fight', 2);
insert into atividadesocial (tipo, tema, fk_atividade_idatividade) values ('Research and Development', 'Rocks in my Pockets', 4);

insert into apresentacaodeartigo (tema, fk_atividade_idatividade, fk_artigo_idartigo) values ('Capital Goods', 5, 5);
insert into apresentacaodeartigo (tema, fk_atividade_idatividade, fk_artigo_idartigo) values ('Technology', 6, 4);
insert into apresentacaodeartigo (tema, fk_atividade_idatividade, fk_artigo_idartigo) values ('Consumer Services', 5, 4);
insert into apresentacaodeartigo (tema, fk_atividade_idatividade, fk_artigo_idartigo) values ('Transportation', 4, 3);
insert into apresentacaodeartigo (tema, fk_atividade_idatividade, fk_artigo_idartigo) values ('Health Care', 6, 3);
insert into apresentacaodeartigo (tema, fk_atividade_idatividade, fk_artigo_idartigo) values ('Consumer Services', 2, 1);

insert into canalstreaming  (idstreaming, titulo, url, fk_portalvirtual_fk_plataforma_idplataforma) values (1, 'Voltsillam', 'https://sfgate.com/nulla/ultrices/aliquet/maecenas.xml', 3);
insert into canalstreaming  (idstreaming, titulo, url, fk_portalvirtual_fk_plataforma_idplataforma) values (2, 'Zoolab', 'http://reuters.com/risus/auctor/sed/tristique/in.jsp', 4);
insert into canalstreaming  (idstreaming, titulo, url, fk_portalvirtual_fk_plataforma_idplataforma) values (3, 'Y-find', 'https://bbc.co.uk/donec/dapibus/duis/at/velit/eu/est.json', 3);
insert into canalstreaming  (idstreaming, titulo, url, fk_portalvirtual_fk_plataforma_idplataforma) values (4, 'Viva', 'http://amazon.co.uk/interdum.png', 2);
insert into canalstreaming  (idstreaming, titulo, url, fk_portalvirtual_fk_plataforma_idplataforma) values (5, 'Wrapsafe', 'https://weather.com/porttitor/lacus/at/turpis.json', 6);
insert into canalstreaming  (idstreaming, titulo, url, fk_portalvirtual_fk_plataforma_idplataforma) values (6, 'Fintone', 'https://ed.gov/ligula/vehicula/consequat.js', 5);

insert into avaliacao (idavaliacao, nota, comentario, data, fk_atividade_idatividade, fk_evento_idevento, fk_pessoa_idpessoa) values (1, 4, 'Vestibulum ac est lacinia nisi venenatis tristique. Fusce congue, diam id ornare imperdiet, sapien urna pretium nisl, ut volutpat sapien arcu sed augue. Aliquam erat volutpat. In congue. Etiam justo. Etiam pretium iaculis justo. In hac habitasse platea dictumst. Etiam faucibus cursus urna.', '2020-11-03', 4, 3, 2);
insert into avaliacao (idavaliacao, nota, comentario, data, fk_atividade_idatividade, fk_evento_idevento, fk_pessoa_idpessoa) values (2, 10, 'Fusce posuere felis sed lacus. Morbi sem mauris, laoreet ut, rhoncus aliquet, pulvinar sed, nisl. Nunc rhoncus dui vel sem. Sed sagittis. Nam congue, risus semper porta volutpat, quam pede lobortis ligula, sit amet eleifend pede libero quis orci. Nullam molestie nibh in lectus. Pellentesque at nulla. Suspendisse potenti. Cras in purus eu magna vulputate luctus.', '2020-09-07', 5, 4, 1);
insert into avaliacao (idavaliacao, nota, comentario, data, fk_atividade_idatividade, fk_evento_idevento, fk_pessoa_idpessoa) values (3, 3, 'Vestibulum ante ipsum primis in faucibus orci luctus et ultrices posuere cubilia Curae; Mauris viverra diam vitae quam. Suspendisse potenti. Nullam porttitor lacus at turpis.', '2020-03-21', 5, 6, 2);
insert into avaliacao (idavaliacao, nota, comentario, data, fk_atividade_idatividade, fk_evento_idevento, fk_pessoa_idpessoa) values (4, 6, 'Phasellus sit amet erat. Nulla tempus. Vivamus in felis eu sapien cursus vestibulum.', '2020-07-20', 6, 3, 2);
insert into avaliacao (idavaliacao, nota, comentario, data, fk_atividade_idatividade, fk_evento_idevento, fk_pessoa_idpessoa) values (5, 8, 'Vestibulum quam sapien, varius ut, blandit non, interdum in, ante. Vestibulum ante ipsum primis in faucibus orci luctus et ultrices posuere cubilia Curae; Duis faucibus accumsan odio.', '2020-08-06', 6, 5, 2);
insert into avaliacao (idavaliacao, nota, comentario, data, fk_atividade_idatividade, fk_evento_idevento, fk_pessoa_idpessoa) values (6, 9, 'Etiam justo. Etiam pretium iaculis justo.', '2020-07-03', 6, 5, 5);
insert into avaliacao (idavaliacao, nota, comentario, data, fk_atividade_idatividade, fk_evento_idevento, fk_pessoa_idpessoa) values (7, 5, 'Vivamus vestibulum sagittis sapien. Cum sociis natoque penatibus et magnis dis parturient montes, nascetur ridiculus mus. Etiam vel augue. Vestibulum rutrum rutrum neque. Aenean auctor gravida sem. Praesent id massa id nisl venenatis lacinia. Aenean sit amet justo.', '2018-09-19', 5, 1, 1);
insert into avaliacao (idavaliacao, nota, comentario, data, fk_atividade_idatividade, fk_evento_idevento, fk_pessoa_idpessoa) values (8, 3, 'Vestibulum ante ipsum primis in faucibus orci luctus et ultrices posuere cubilia Curae; Nulla dapibus dolor vel est. Donec odio justo, sollicitudin ut, suscipit a, feugiat et, eros. Vestibulum ac est lacinia nisi venenatis tristique. Fusce congue, diam id ornare imperdiet, sapien urna pretium nisl, ut volutpat sapien arcu sed augue. Aliquam erat volutpat. In congue. Etiam justo.', '2019-03-23', 3, 6, 5);
insert into avaliacao (idavaliacao, nota, comentario, data, fk_atividade_idatividade, fk_evento_idevento, fk_pessoa_idpessoa) values (9, 1, 'Etiam faucibus cursus urna.', '2020-10-09', 4, 5, 3);
insert into avaliacao (idavaliacao, nota, comentario, data, fk_atividade_idatividade, fk_evento_idevento, fk_pessoa_idpessoa) values (10, 10, 'Vestibulum ante ipsum primis in faucibus orci luctus et ultrices posuere cubilia Curae; Mauris viverra diam vitae quam. Suspendisse potenti. Nullam porttitor lacus at turpis. Donec posuere metus vitae ipsum. Aliquam non mauris. Morbi non lectus. Aliquam sit amet diam in magna bibendum imperdiet. Nullam orci pede, venenatis non, sodales sed, tincidunt eu, felis.', '2020-04-02', 3, 5, 6);
insert into avaliacao (idavaliacao, nota, comentario, data, fk_atividade_idatividade, fk_evento_idevento, fk_pessoa_idpessoa) values (11, 7, 'Duis ac nibh.', '2019-03-14', 2, 2, 3);
insert into avaliacao (idavaliacao, nota, comentario, data, fk_atividade_idatividade, fk_evento_idevento, fk_pessoa_idpessoa) values (12, 8, 'Cras mi pede, malesuada in, imperdiet et, commodo vulputate, justo. In blandit ultrices enim. Lorem ipsum dolor sit amet, consectetuer adipiscing elit. Proin interdum mauris non ligula pellentesque ultrices.', '2018-12-19', 2, 4, 2);
insert into avaliacao (idavaliacao, nota, comentario, data, fk_atividade_idatividade, fk_evento_idevento, fk_pessoa_idpessoa) values (13, 7, 'Aliquam quis turpis eget elit sodales scelerisque. Mauris sit amet eros. Suspendisse accumsan tortor quis turpis. Sed ante. Vivamus tortor. Duis mattis egestas metus.', '2019-04-29', 6, 4, 6);
insert into avaliacao (idavaliacao, nota, comentario, data, fk_atividade_idatividade, fk_evento_idevento, fk_pessoa_idpessoa) values (14, 8, 'Integer aliquet, massa id lobortis convallis, tortor risus dapibus augue, vel accumsan tellus nisi eu orci. Mauris lacinia sapien quis libero. Nullam sit amet turpis elementum ligula vehicula consequat.', '2019-09-17', 4, 1, 2);
insert into avaliacao (idavaliacao, nota, comentario, data, fk_atividade_idatividade, fk_evento_idevento, fk_pessoa_idpessoa) values (15, 10, 'Maecenas ut massa quis augue luctus tincidunt. Nulla mollis molestie lorem. Quisque ut erat. Curabitur gravida nisi at nibh. In hac habitasse platea dictumst.', '2020-02-07', 2, 2, 5);
insert into avaliacao (idavaliacao, nota, comentario, data, fk_atividade_idatividade, fk_evento_idevento, fk_pessoa_idpessoa) values (16, 2, 'Nam nulla. Integer pede justo, lacinia eget, tincidunt eget, tempus vel, pede. Morbi porttitor lorem id ligula.', '2018-11-17', 6, 3, 4);
insert into avaliacao (idavaliacao, nota, comentario, data, fk_atividade_idatividade, fk_evento_idevento, fk_pessoa_idpessoa) values (17, 7, 'Duis bibendum, felis sed interdum venenatis, turpis enim blandit mi, in porttitor pede justo eu massa. Donec dapibus. Duis at velit eu est congue elementum. In hac habitasse platea dictumst. Morbi vestibulum, velit id pretium iaculis, diam erat fermentum justo, nec condimentum neque sapien placerat ante. Nulla justo. Aliquam quis turpis eget elit sodales scelerisque. Mauris sit amet eros. Suspendisse accumsan tortor quis turpis. Sed ante.', '2019-06-02', 1, 1, 3);
insert into avaliacao (idavaliacao, nota, comentario, data, fk_atividade_idatividade, fk_evento_idevento, fk_pessoa_idpessoa) values (18, 4, 'Morbi porttitor lorem id ligula. Suspendisse ornare consequat lectus. In est risus, auctor sed, tristique in, tempus sit amet, sem. Fusce consequat. Nulla nisl. Nunc nisl. Duis bibendum, felis sed interdum venenatis, turpis enim blandit mi, in porttitor pede justo eu massa. Donec dapibus.', '2019-12-24', 2, 3, 6);
insert into avaliacao (idavaliacao, nota, comentario, data, fk_atividade_idatividade, fk_evento_idevento, fk_pessoa_idpessoa) values (19, 8, 'Mauris enim leo, rhoncus sed, vestibulum sit amet, cursus id, turpis. Integer aliquet, massa id lobortis convallis, tortor risus dapibus augue, vel accumsan tellus nisi eu orci. Mauris lacinia sapien quis libero. Nullam sit amet turpis elementum ligula vehicula consequat. Morbi a ipsum.', '2019-11-20', 4, 4, 2);
insert into avaliacao (idavaliacao, nota, comentario, data, fk_atividade_idatividade, fk_evento_idevento, fk_pessoa_idpessoa) values (20, 6, 'Maecenas tristique, est et tempus semper, est quam pharetra magna, ac consequat metus sapien ut nunc. Vestibulum ante ipsum primis in faucibus orci luctus et ultrices posuere cubilia Curae; Mauris viverra diam vitae quam. Suspendisse potenti. Nullam porttitor lacus at turpis. Donec posuere metus vitae ipsum.', '2019-04-18', 3, 6, 5);
insert into avaliacao (idavaliacao, nota, comentario, data, fk_atividade_idatividade, fk_evento_idevento, fk_pessoa_idpessoa) values (21, 6, 'Donec odio justo, sollicitudin ut, suscipit a, feugiat et, eros. Vestibulum ac est lacinia nisi venenatis tristique. Fusce congue, diam id ornare imperdiet, sapien urna pretium nisl, ut volutpat sapien arcu sed augue.', '2019-07-31', 3, 6, 3);
insert into avaliacao (idavaliacao, nota, comentario, data, fk_atividade_idatividade, fk_evento_idevento, fk_pessoa_idpessoa) values (22, 2, 'Maecenas pulvinar lobortis est. Phasellus sit amet erat. Nulla tempus.', '2020-10-23', 5, 4, 2);
insert into avaliacao (idavaliacao, nota, comentario, data, fk_atividade_idatividade, fk_evento_idevento, fk_pessoa_idpessoa) values (23, 10, 'Duis aliquam convallis nunc. Proin at turpis a pede posuere nonummy. Integer non velit. Donec diam neque, vestibulum eget, vulputate ut, ultrices vel, augue. Vestibulum ante ipsum primis in faucibus orci luctus et ultrices posuere cubilia Curae; Donec pharetra, magna vestibulum aliquet ultrices, erat tortor sollicitudin mi, sit amet lobortis sapien sapien non mi. Integer ac neque. Duis bibendum. Morbi non quam nec dui luctus rutrum. Nulla tellus.', '2018-09-17', 1, 4, 2);
insert into avaliacao (idavaliacao, nota, comentario, data, fk_atividade_idatividade, fk_evento_idevento, fk_pessoa_idpessoa) values (24, 9, 'Donec odio justo, sollicitudin ut, suscipit a, feugiat et, eros. Vestibulum ac est lacinia nisi venenatis tristique. Fusce congue, diam id ornare imperdiet, sapien urna pretium nisl, ut volutpat sapien arcu sed augue. Aliquam erat volutpat. In congue. Etiam justo.', '2019-12-30', 2, 2, 3);
insert into avaliacao (idavaliacao, nota, comentario, data, fk_atividade_idatividade, fk_evento_idevento, fk_pessoa_idpessoa) values (25, 7, 'Nunc rhoncus dui vel sem. Sed sagittis. Nam congue, risus semper porta volutpat, quam pede lobortis ligula, sit amet eleifend pede libero quis orci.', '2019-11-03', 2, 3, 3);
insert into avaliacao (idavaliacao, nota, comentario, data, fk_atividade_idatividade, fk_evento_idevento, fk_pessoa_idpessoa) values (26, 1, 'Nulla facilisi. Cras non velit nec nisi vulputate nonummy. Maecenas tincidunt lacus at velit. Vivamus vel nulla eget eros elementum pellentesque. Quisque porta volutpat erat.', '2020-09-09', 6, 1, 1);
insert into avaliacao (idavaliacao, nota, comentario, data, fk_atividade_idatividade, fk_evento_idevento, fk_pessoa_idpessoa) values (27, 2, 'Morbi ut odio. Cras mi pede, malesuada in, imperdiet et, commodo vulputate, justo. In blandit ultrices enim. Lorem ipsum dolor sit amet, consectetuer adipiscing elit.', '2019-01-04', 5, 2, 2);
insert into avaliacao (idavaliacao, nota, comentario, data, fk_atividade_idatividade, fk_evento_idevento, fk_pessoa_idpessoa) values (28, 2, 'Nulla tempus. Vivamus in felis eu sapien cursus vestibulum. Proin eu mi. Nulla ac enim. In tempor, turpis nec euismod scelerisque, quam turpis adipiscing lorem, vitae mattis nibh ligula nec sem.', '2019-04-19', 2, 6, 5);
insert into avaliacao (idavaliacao, nota, comentario, data, fk_atividade_idatividade, fk_evento_idevento, fk_pessoa_idpessoa) values (29, 2, 'Duis bibendum. Morbi non quam nec dui luctus rutrum. Nulla tellus. In sagittis dui vel nisl. Duis ac nibh.', '2020-04-02', 3, 6, 1);
insert into avaliacao (idavaliacao, nota, comentario, data, fk_atividade_idatividade, fk_evento_idevento, fk_pessoa_idpessoa) values (30, 2, 'Cras non velit nec nisi vulputate nonummy. Maecenas tincidunt lacus at velit. Vivamus vel nulla eget eros elementum pellentesque. Quisque porta volutpat erat. Quisque erat eros, viverra eget, congue eget, semper rutrum, nulla. Nunc purus. Phasellus in felis. Donec semper sapien a libero.', '2020-07-19', 3, 5, 2);

insert into concurso (regras, tema, premiacoes, fk_atividade_idatividade) values ('Donec semper sapien a libero. Nam dui. Proin leo odio, porttitor id, consequat in, consequat ut, nulla.', 'Metal Fabrications', 'Aenean auctor gravida sem.', 1);
insert into concurso (regras, tema, premiacoes, fk_atividade_idatividade) values ('Aenean auctor gravida sem.', 'n/a', 'Praesent blandit lacinia erat.', 6);
insert into concurso (regras, tema, premiacoes, fk_atividade_idatividade) values ('Nunc purus. Phasellus in felis. Donec semper sapien a libero.', 'Medical/Nursing Services', 'Aenean auctor gravida sem. Praesent id massa id nisl venenatis lacinia.', 6);
insert into concurso (regras, tema, premiacoes, fk_atividade_idatividade) values ('Nunc rhoncus dui vel sem.', 'Computer Software: Prepackaged Software', 'Morbi ut odio.', 2);
insert into concurso (regras, tema, premiacoes, fk_atividade_idatividade) values ('Quisque id justo sit amet sapien dignissim vestibulum. Vestibulum ante ipsum primis in faucibus orci luctus et ultrices posuere cubilia Curae; Nulla dapibus dolor vel est.', 'Industrial Machinery/Components', 'Integer tincidunt ante vel ipsum. Praesent blandit lacinia erat.', 2);
insert into concurso (regras, tema, premiacoes, fk_atividade_idatividade) values ('Sed sagittis.', 'Paper', 'In hac habitasse platea dictumst.', 4);

insert into concursoconcorridopor  (fk_concurso_fk_atividade_idatividade, fk_papel_idpapel) values (6, 6);
insert into concursoconcorridopor  (fk_concurso_fk_atividade_idatividade, fk_papel_idpapel) values (4, 4);
insert into concursoconcorridopor  (fk_concurso_fk_atividade_idatividade, fk_papel_idpapel) values (1, 3);
insert into concursoconcorridopor  (fk_concurso_fk_atividade_idatividade, fk_papel_idpapel) values (4, 4);
insert into concursoconcorridopor  (fk_concurso_fk_atividade_idatividade, fk_papel_idpapel) values (3, 4);
insert into concursoconcorridopor  (fk_concurso_fk_atividade_idatividade, fk_papel_idpapel) values (5, 2);

insert into concursojuizadopor (fk_concurso_fk_atividade_idatividade, fk_papel_idpapel) values (8, 8);
insert into concursojuizadopor (fk_concurso_fk_atividade_idatividade, fk_papel_idpapel) values (2, 9);
insert into concursojuizadopor (fk_concurso_fk_atividade_idatividade, fk_papel_idpapel) values (2, 7);
insert into concursojuizadopor (fk_concurso_fk_atividade_idatividade, fk_papel_idpapel) values (1, 7);
insert into concursojuizadopor (fk_concurso_fk_atividade_idatividade, fk_papel_idpapel) values (3, 8);
insert into concursojuizadopor (fk_concurso_fk_atividade_idatividade, fk_papel_idpapel) values (6, 8);

insert into conselhos (funcao, fk_entidade_identidade) values ('Support', 1);
insert into conselhos (funcao, fk_entidade_identidade) values ('Sales', 2);
insert into conselhos (funcao, fk_entidade_identidade) values ('Product Management', 2);
insert into conselhos (funcao, fk_entidade_identidade) values ('Research and Development', 5);
insert into conselhos (funcao, fk_entidade_identidade) values ('Training', 1);

insert into contasapagar (idcontas, valor, descricao, fk_atividade_idatividade, fk_evento_idevento) values (1, 9046.66, 'Ut at dolor quis odio consequat varius.', null, 2);
insert into contasapagar (idcontas, valor, descricao, fk_atividade_idatividade, fk_evento_idevento) values (2, 1067.36, 'Nam nulla. Integer pede justo, lacinia eget, tincidunt eget, tempus vel, pede.', 2, null);
insert into contasapagar (idcontas, valor, descricao, fk_atividade_idatividade, fk_evento_idevento) values (3, 3625.32, 'Nulla justo. Aliquam quis turpis eget elit sodales scelerisque.', 3, null);
insert into contasapagar (idcontas, valor, descricao, fk_atividade_idatividade, fk_evento_idevento) values (4, 3982.15, 'Integer pede justo, lacinia eget, tincidunt eget, tempus vel, pede.', null, 7);
insert into contasapagar (idcontas, valor, descricao, fk_atividade_idatividade, fk_evento_idevento) values (5, 2169.87, 'Cras in purus eu magna vulputate luctus.', null, 5);
insert into contasapagar (idcontas, valor, descricao, fk_atividade_idatividade, fk_evento_idevento) values (6, 4458.55, 'Curabitur in libero ut massa volutpat convallis. Morbi odio odio, elementum eu, interdum eu, tincidunt in, leo.', null, 10);
insert into contasapagar (idcontas, valor, descricao, fk_atividade_idatividade, fk_evento_idevento) values (7, 4607.41, 'Integer aliquet, massa id lobortis convallis, tortor risus dapibus augue, vel accumsan tellus nisi eu orci.', null, 4);
insert into contasapagar (idcontas, valor, descricao, fk_atividade_idatividade, fk_evento_idevento) values (8, 4538.62, 'Lorem ipsum dolor sit amet, consectetuer adipiscing elit. Proin interdum mauris non ligula pellentesque ultrices.', null, 10);
insert into contasapagar (idcontas, valor, descricao, fk_atividade_idatividade, fk_evento_idevento) values (9, 1589.41, 'Nam ultrices, libero non mattis pulvinar, nulla pede ullamcorper augue, a suscipit nulla elit ac nulla.', 6, null);
insert into contasapagar (idcontas, valor, descricao, fk_atividade_idatividade, fk_evento_idevento) values (10, 8105.38, 'Pellentesque viverra pede ac diam. Cras pellentesque volutpat dui.', null, 8);
insert into contasapagar (idcontas, valor, descricao, fk_atividade_idatividade, fk_evento_idevento) values (11, 2032.15, 'Lorem ipsum dolor sit amet, consectetuer adipiscing elit. Proin interdum mauris non ligula pellentesque ultrices.', null, 8);
insert into contasapagar (idcontas, valor, descricao, fk_atividade_idatividade, fk_evento_idevento) values (12, 8677.13, 'Morbi vestibulum, velit id pretium iaculis, diam erat fermentum justo, nec condimentum neque sapien placerat ante.', null, 4);
insert into contasapagar (idcontas, valor, descricao, fk_atividade_idatividade, fk_evento_idevento) values (13, 6857.09, 'In hac habitasse platea dictumst.', null, 1);
insert into contasapagar (idcontas, valor, descricao, fk_atividade_idatividade, fk_evento_idevento) values (14, 1954.4, 'Vivamus vestibulum sagittis sapien. Cum sociis natoque penatibus et magnis dis parturient montes, nascetur ridiculus mus.', 3, null);
insert into contasapagar (idcontas, valor, descricao, fk_atividade_idatividade, fk_evento_idevento) values (15, 2806.66, 'In quis justo.', 9, null);
insert into contasapagar (idcontas, valor, descricao, fk_atividade_idatividade, fk_evento_idevento) values (16, 8138.74, 'Proin at turpis a pede posuere nonummy.', null, 2);
insert into contasapagar (idcontas, valor, descricao, fk_atividade_idatividade, fk_evento_idevento) values (17, 9321.18, 'Vestibulum sed magna at nunc commodo placerat.', 10, null);
insert into contasapagar (idcontas, valor, descricao, fk_atividade_idatividade, fk_evento_idevento) values (18, 8315.84, 'Nunc rhoncus dui vel sem.', null, 8);
insert into contasapagar (idcontas, valor, descricao, fk_atividade_idatividade, fk_evento_idevento) values (19, 1166.02, 'Aliquam augue quam, sollicitudin vitae, consectetuer eget, rutrum at, lorem. Integer tincidunt ante vel ipsum.', null, 2);
insert into contasapagar (idcontas, valor, descricao, fk_atividade_idatividade, fk_evento_idevento) values (20, 3988.57, 'Quisque id justo sit amet sapien dignissim vestibulum.', 3, null);
insert into contasapagar (idcontas, valor, descricao, fk_atividade_idatividade, fk_evento_idevento) values (21, 7321.67, 'Curabitur in libero ut massa volutpat convallis. Morbi odio odio, elementum eu, interdum eu, tincidunt in, leo.', null, 4);
insert into contasapagar (idcontas, valor, descricao, fk_atividade_idatividade, fk_evento_idevento) values (22, 3638.25, 'In hac habitasse platea dictumst.', null, 1);
insert into contasapagar (idcontas, valor, descricao, fk_atividade_idatividade, fk_evento_idevento) values (23, 7741.62, 'Quisque porta volutpat erat.', null, 4);
insert into contasapagar (idcontas, valor, descricao, fk_atividade_idatividade, fk_evento_idevento) values (24, 9353.05, 'Maecenas pulvinar lobortis est. Phasellus sit amet erat.', 7, null);
insert into contasapagar (idcontas, valor, descricao, fk_atividade_idatividade, fk_evento_idevento) values (25, 7883.03, 'Quisque ut erat.', null, 4);
insert into contasapagar (idcontas, valor, descricao, fk_atividade_idatividade, fk_evento_idevento) values (26, 297.63, 'In hac habitasse platea dictumst. Morbi vestibulum, velit id pretium iaculis, diam erat fermentum justo, nec condimentum neque sapien placerat ante.', null, 8);
insert into contasapagar (idcontas, valor, descricao, fk_atividade_idatividade, fk_evento_idevento) values (27, 7984.06, 'Duis mattis egestas metus.', null, 3);
insert into contasapagar (idcontas, valor, descricao, fk_atividade_idatividade, fk_evento_idevento) values (28, 6127.23, 'Morbi quis tortor id nulla ultrices aliquet. Maecenas leo odio, condimentum id, luctus nec, molestie sed, justo.', 10, null);
insert into contasapagar (idcontas, valor, descricao, fk_atividade_idatividade, fk_evento_idevento) values (29, 679.57, 'Suspendisse potenti. Cras in purus eu magna vulputate luctus.', null, 10);
insert into contasapagar (idcontas, valor, descricao, fk_atividade_idatividade, fk_evento_idevento) values (30, 8886.03, 'Cum sociis natoque penatibus et magnis dis parturient montes, nascetur ridiculus mus. Etiam vel augue.', 10, null);

insert into descontodescontataxa (fk_taxa_idtaxa, fk_desconto_iddesconto) values (9, 11);
insert into descontodescontataxa (fk_taxa_idtaxa, fk_desconto_iddesconto) values (4, 3);
insert into descontodescontataxa (fk_taxa_idtaxa, fk_desconto_iddesconto) values (4, 7);
insert into descontodescontataxa (fk_taxa_idtaxa, fk_desconto_iddesconto) values (1, 11);
insert into descontodescontataxa (fk_taxa_idtaxa, fk_desconto_iddesconto) values (1, 7);
insert into descontodescontataxa (fk_taxa_idtaxa, fk_desconto_iddesconto) values (2, 8);
insert into descontodescontataxa (fk_taxa_idtaxa, fk_desconto_iddesconto) values (5, 4);
insert into descontodescontataxa (fk_taxa_idtaxa, fk_desconto_iddesconto) values (1, 7);
insert into descontodescontataxa (fk_taxa_idtaxa, fk_desconto_iddesconto) values (9, 7);

insert into empresa (cnpj, razaosocial, fk_entidade_identidade) values ('42.855.758/0001-01', 'ALK-Abello, Inc.', 4);
insert into empresa (cnpj, razaosocial, fk_entidade_identidade) values ('10.511.691/0001-86', 'Pharmacist Pharmaceutical, LLC', 2);
insert into empresa (cnpj, razaosocial, fk_entidade_identidade) values ('33.125.651/0001-61', 'GlaxoSmithKline LLC', 6);
insert into empresa (cnpj, razaosocial, fk_entidade_identidade) values ('22.498.822/0001-51', 'TYA Pharmaceuticals', 1);
insert into empresa (cnpj, razaosocial, fk_entidade_identidade) values ('44.679.763/0001-30', 'Allermed Laboratories, Inc.', 2);
insert into empresa (cnpj, razaosocial, fk_entidade_identidade) values ('64.513.906/0001-60', 'Apotheca Company', 6);

insert into entidadecompostaporpessoa (fk_pessoa_idpessoa, fk_entidade_identidade) values (19, 17);
insert into entidadecompostaporpessoa (fk_pessoa_idpessoa, fk_entidade_identidade) values (9, 20);
insert into entidadecompostaporpessoa (fk_pessoa_idpessoa, fk_entidade_identidade) values (18, 1);
insert into entidadecompostaporpessoa (fk_pessoa_idpessoa, fk_entidade_identidade) values (20, 20);
insert into entidadecompostaporpessoa (fk_pessoa_idpessoa, fk_entidade_identidade) values (20, 6);
insert into entidadecompostaporpessoa (fk_pessoa_idpessoa, fk_entidade_identidade) values (11, 16);
insert into entidadecompostaporpessoa (fk_pessoa_idpessoa, fk_entidade_identidade) values (13, 16);
insert into entidadecompostaporpessoa (fk_pessoa_idpessoa, fk_entidade_identidade) values (10, 14);
insert into entidadecompostaporpessoa (fk_pessoa_idpessoa, fk_entidade_identidade) values (5, 16);
insert into entidadecompostaporpessoa (fk_pessoa_idpessoa, fk_entidade_identidade) values (11, 17);
insert into entidadecompostaporpessoa (fk_pessoa_idpessoa, fk_entidade_identidade) values (20, 14);
insert into entidadecompostaporpessoa (fk_pessoa_idpessoa, fk_entidade_identidade) values (13, 8);
insert into entidadecompostaporpessoa (fk_pessoa_idpessoa, fk_entidade_identidade) values (19, 12);
insert into entidadecompostaporpessoa (fk_pessoa_idpessoa, fk_entidade_identidade) values (19, 3);
insert into entidadecompostaporpessoa (fk_pessoa_idpessoa, fk_entidade_identidade) values (5, 7);
insert into entidadecompostaporpessoa (fk_pessoa_idpessoa, fk_entidade_identidade) values (18, 5);
insert into entidadecompostaporpessoa (fk_pessoa_idpessoa, fk_entidade_identidade) values (6, 9);
insert into entidadecompostaporpessoa (fk_pessoa_idpessoa, fk_entidade_identidade) values (8, 17);
insert into entidadecompostaporpessoa (fk_pessoa_idpessoa, fk_entidade_identidade) values (19, 16);
insert into entidadecompostaporpessoa (fk_pessoa_idpessoa, fk_entidade_identidade) values (18, 12);

insert into entidadecontribuievento (fk_entidade_identidade, fk_evento_idevento, tipo) values (15, 3, 'patrocinio');
insert into entidadecontribuievento (fk_entidade_identidade, fk_evento_idevento, tipo) values (9, 6, 'promocao');
insert into entidadecontribuievento (fk_entidade_identidade, fk_evento_idevento, tipo) values (18, 5, 'patrocinio');
insert into entidadecontribuievento (fk_entidade_identidade, fk_evento_idevento, tipo) values (10, 4, 'realizacao');
insert into entidadecontribuievento (fk_entidade_identidade, fk_evento_idevento, tipo) values (4, 2, 'promocao');
insert into entidadecontribuievento (fk_entidade_identidade, fk_evento_idevento, tipo) values (17, 3, 'promocao');
insert into entidadecontribuievento (fk_entidade_identidade, fk_evento_idevento, tipo) values (16, 3, 'realizacao');
insert into entidadecontribuievento (fk_entidade_identidade, fk_evento_idevento, tipo) values (18, 3, 'promocao');
insert into entidadecontribuievento (fk_entidade_identidade, fk_evento_idevento, tipo) values (7, 4, 'promocao');
insert into entidadecontribuievento (fk_entidade_identidade, fk_evento_idevento, tipo) values (13, 8, 'promocao');
insert into entidadecontribuievento (fk_entidade_identidade, fk_evento_idevento, tipo) values (4, 5, 'promocao');
insert into entidadecontribuievento (fk_entidade_identidade, fk_evento_idevento, tipo) values (10, 10, 'promocao');
insert into entidadecontribuievento (fk_entidade_identidade, fk_evento_idevento, tipo) values (3, 9, 'patrocinio');
insert into entidadecontribuievento (fk_entidade_identidade, fk_evento_idevento, tipo) values (15, 3, 'promocao');
insert into entidadecontribuievento (fk_entidade_identidade, fk_evento_idevento, tipo) values (20, 6, 'realizacao');
insert into entidadecontribuievento (fk_entidade_identidade, fk_evento_idevento, tipo) values (9, 5, 'patrocinio');
insert into entidadecontribuievento (fk_entidade_identidade, fk_evento_idevento, tipo) values (14, 10, 'realizacao');
insert into entidadecontribuievento (fk_entidade_identidade, fk_evento_idevento, tipo) values (11, 1, 'realizacao');
insert into entidadecontribuievento (fk_entidade_identidade, fk_evento_idevento, tipo) values (2, 6, 'realizacao');
insert into entidadecontribuievento (fk_entidade_identidade, fk_evento_idevento, tipo) values (12, 9, 'promocao');

insert into entidadepromoveatividade (fk_entidade_identidade, fk_atividade_idatividade) values (3, 18);
insert into entidadepromoveatividade (fk_entidade_identidade, fk_atividade_idatividade) values (6, 1);
insert into entidadepromoveatividade (fk_entidade_identidade, fk_atividade_idatividade) values (9, 24);
insert into entidadepromoveatividade (fk_entidade_identidade, fk_atividade_idatividade) values (7, 28);
insert into entidadepromoveatividade (fk_entidade_identidade, fk_atividade_idatividade) values (13, 22);
insert into entidadepromoveatividade (fk_entidade_identidade, fk_atividade_idatividade) values (20, 28);
insert into entidadepromoveatividade (fk_entidade_identidade, fk_atividade_idatividade) values (11, 13);
insert into entidadepromoveatividade (fk_entidade_identidade, fk_atividade_idatividade) values (6, 6);
insert into entidadepromoveatividade (fk_entidade_identidade, fk_atividade_idatividade) values (20, 29);
insert into entidadepromoveatividade (fk_entidade_identidade, fk_atividade_idatividade) values (2, 2);

insert into estacaometro (linha, fk_pontodetransporte_idpontodepartida) values ('linha 1 azul', 3);
insert into estacaometro (linha, fk_pontodetransporte_idpontodepartida) values ('linha 2 verde', 3);
insert into estacaometro (linha, fk_pontodetransporte_idpontodepartida) values ('linha 3 vermelha', 6);
insert into estacaometro (linha, fk_pontodetransporte_idpontodepartida) values ('linha 4 amarela', 1);
insert into estacaometro (linha, fk_pontodetransporte_idpontodepartida) values ('linha 5 lilas', 3);
insert into estacaometro (linha, fk_pontodetransporte_idpontodepartida) values ('linha 7 rubi', 4);
insert into estacaometro (linha, fk_pontodetransporte_idpontodepartida) values ('linha 9 esmeralda', 2);

INSERT INTO public.anuncioonline (titulo,descricao,url,acessos,custoporclique) VALUES
	 ('facilitate intuitive schemas','Compatible empowering knowledge user','http://photobucket.com/ut/erat/curabitur.js',2975,7.12),
	 ('benchmark virtual synergies','Grass-roots zero defect toolset','http://hubpages.com/adipiscing/elit/proin/risus/praesent/lectus/vestibulum.aspx',3314,0.93),
	 ('whiteboard mission-critical schemas','Optimized uniform analyzer','http://webnode.com/ipsum/primis/in/faucibus.jsp',2097,6.52),
	 ('e-enable vertical bandwidth','Secured intermediate throughput','https://nih.gov/nec/dui/luctus/rutrum/nulla/tellus.aspx',4650,0.73),
	 ('exploit innovative interfaces','Cross-platform bifurcated pricing structure','https://g.co/morbi.js',4471,2.23),
	 ('integrate best-of-breed communities','Business-focused executive open system','http://domainmarket.com/lobortis/sapien/sapien/non.png',5068,0.58);

INSERT INTO public.entidade (nome,telefone,email) VALUES
	 ('Trilith','(70)96312-0454','kpearcy0@google.com.hk'),
	 ('Kaymbo','(35)95564-8065','lluckett1@buzzfeed.com'),
	 ('Blogpad','(71)90530-5215','mschinetti2@rediff.com'),
	 ('Innotype','(51)97650-3018','rhawthorne3@friendfeed.com'),
	 ('Tagchat','(06)92231-9612','lhawarden4@dagondesign.com'),
	 ('Vipe','(49)95066-0338','ccovert5@google.com.hk'),
	 ('Snaptags','(53)93511-2292','bhearne7@ehow.com');

INSERT INTO public.evento (tema,nome,edicao) VALUES
	 ('Public Utilities','Grass-roots radical approach','DB2020'),
	 ('Capital Goods','Robust methodical adapter','VRTV2020'),
	 ('Public Utilities','User-centric multi-state encoding','TRCO2020'),
	 ('Technology','Multi-tiered 5th generation system engine','RPM2019'),
	 ('Health Care','Future-proofed dedicated architecture','TCRD2019'),
	 ('Finance','Front-line optimizing matrices','AAME2019'),
	 ('Basic Industries','Re-engineered systemic internet solution','ZBIO2020');

INSERT INTO public.universidade (mec) VALUES
	 ('EAFIT'),
	 ('BSTU'),
	 ('WMS'),
	 ('TDIV'),
	 ('FSCE');