insert into apresentacaodeartigo (tema, fk_atividade_idatividade, fk_artigo_idartigo) values ('Capital Goods', 5, 5);
insert into apresentacaodeartigo (tema, fk_atividade_idatividade, fk_artigo_idartigo) values ('Technology', 6, 4);
insert into apresentacaodeartigo (tema, fk_atividade_idatividade, fk_artigo_idartigo) values ('Consumer Services', 5, 4);
insert into apresentacaodeartigo (tema, fk_atividade_idatividade, fk_artigo_idartigo) values ('Transportation', 4, 3);
insert into apresentacaodeartigo (tema, fk_atividade_idatividade, fk_artigo_idartigo) values ('Health Care', 6, 3);
insert into apresentacaodeartigo (tema, fk_atividade_idatividade, fk_artigo_idartigo) values ('Consumer Services', 2, 1);

insert into anuncioonline  (idanuncioonline, titulo, descricao, url, acessos, custoporclique, fk_evento_idevento) values (1, 'brand seamless applications', 'Fully-configurable logistical system engine', 'https://storify.com/proin/eu/mi/nulla/ac/enim/in.xml', 10251, 0.84, 2);
insert into anuncioonline  (idanuncioonline, titulo, descricao, url, acessos, custoporclique, fk_evento_idevento) values (2, 'cultivate proactive initiatives', 'Monitored content-based system engine', 'http://scribd.com/quam/fringilla/rhoncus/mauris/enim/leo.xml', 11508, 0.34, 4);
insert into anuncioonline  (idanuncioonline, titulo, descricao, url, acessos, custoporclique, fk_evento_idevento) values (3, 'morph efficient systems', 'Mandatory non-volatile Graphical User Interface', 'https://yahoo.co.jp/id/pretium/iaculis/diam/erat/fermentum/justo.html', 11309, 3.8, 1);
insert into anuncioonline  (idanuncioonline, titulo, descricao, url, acessos, custoporclique, fk_evento_idevento) values (4, 'monetize interactive networks', 'Open-source needs-based leverage', 'http://nytimes.com/blandit/nam/nulla/integer/pede/justo/lacinia.png', 5747, 2.66, 2);
insert into anuncioonline  (idanuncioonline, titulo, descricao, url, acessos, custoporclique, fk_evento_idevento) values (5, 'facilitate turn-key infomediaries', 'Customer-focused tertiary focus group', 'https://cbc.ca/massa/donec.png', 11311, 1.74, 3);
insert into anuncioonline  (idanuncioonline, titulo, descricao, url, acessos, custoporclique, fk_evento_idevento) values (6, 'optimize cross-platform content', 'Enterprise-wide 24 hour matrix', 'http://wunderground.com/integer/non.html', 4452, 4.63, 1);
insert into anuncioonline  (idanuncioonline, titulo, descricao, url, acessos, custoporclique, fk_evento_idevento) values (7, 'grow visionary e-markets', 'Object-based interactive alliance', 'http://yahoo.com/in/hac/habitasse.png', 586, 4.41, 1);
insert into anuncioonline  (idanuncioonline, titulo, descricao, url, acessos, custoporclique, fk_evento_idevento) values (8, 'envisioneer mission-critical supply-chains', 'Enhanced encompassing forecast', 'https://hp.com/mus.json', 11254, 6.19, 5);
insert into anuncioonline  (idanuncioonline, titulo, descricao, url, acessos, custoporclique, fk_evento_idevento) values (9, 'transform world-class schemas', 'Reduced well-modulated product', 'https://blogspot.com/quam.xml', 6488, 1.19, 4);
insert into anuncioonline  (idanuncioonline, titulo, descricao, url, acessos, custoporclique, fk_evento_idevento) values (10, 'deploy sticky experiences', 'Total asymmetric model', 'http://pen.io/ut.jsp', 9767, 4.01, 3);
insert into anuncioonline  (idanuncioonline, titulo, descricao, url, acessos, custoporclique, fk_evento_idevento) values (11, 'recontextualize revolutionary e-services', 'Multi-channelled upward-trending contingency', 'http://symantec.com/habitasse/platea/dictumst/morbi.jsp', 2281, 4.3, 2);
insert into anuncioonline  (idanuncioonline, titulo, descricao, url, acessos, custoporclique, fk_evento_idevento) values (12, 'matrix integrated models', 'Balanced zero administration challenge', 'http://economist.com/mauris/ullamcorper/purus/sit/amet/nulla.xml', 4966, 3.63, 1);
insert into anuncioonline  (idanuncioonline, titulo, descricao, url, acessos, custoporclique, fk_evento_idevento) values (13, 'incentivize e-business web-readiness', 'Reverse-engineered client-driven challenge', 'http://lycos.com/in/leo/maecenas.json', 5235, 0.98, 3);
insert into anuncioonline  (idanuncioonline, titulo, descricao, url, acessos, custoporclique, fk_evento_idevento) values (14, 'envisioneer sticky schemas', 'Quality-focused background array', 'https://privacy.gov.au/porta/volutpat/quam/pede/lobortis/ligula.xml', 10821, 2.98, 5);
insert into anuncioonline  (idanuncioonline, titulo, descricao, url, acessos, custoporclique, fk_evento_idevento) values (15, 'cultivate strategic infomediaries', 'Streamlined context-sensitive local area network', 'https://scientificamerican.com/felis/fusce.jpg', 6606, 1.44, 3);

insert into artigo (idatividade, nome, descricao, data, publicoalvo) values (1, 'Turn Left at the End of the World (Sof Ha''Olam Smola)', 'Nam nulla. Integer pede justo, lacinia eget, tincidunt eget, tempus vel, pede.', '2019-08-23', 'Civil Engineer');
insert into artigo (idatividade, nome, descricao, data, publicoalvo) values (2, 'Deeper Shade of Blue, A', 'Nam tristique tortor eu pede.', '2019-03-05', 'Sales Representative');
insert into artigo (idatividade, nome, descricao, data, publicoalvo) values (3, 'Into Great Silence (Die große Stille)', 'Suspendisse potenti. Nullam porttitor lacus at turpis. Donec posuere metus vitae ipsum. Aliquam non mauris. Morbi non lectus. Aliquam sit amet diam in magna bibendum imperdiet.', '2020-11-09', 'Teacher');
insert into artigo (idatividade, nome, descricao, data, publicoalvo) values (4, 'Jungle Book 2, The', 'Duis aliquam convallis nunc. Proin at turpis a pede posuere nonummy.', '2019-01-30', 'Pharmacist');
insert into artigo (idatividade, nome, descricao, data, publicoalvo) values (5, 'Berserk: The Golden Age Arc 3 - Descent', 'In tempor, turpis nec euismod scelerisque, quam turpis adipiscing lorem, vitae mattis nibh ligula nec sem. Duis aliquam convallis nunc. Proin at turpis a pede posuere nonummy. Integer non velit.', '2020-11-04', 'Chemical Engineer');
insert into artigo (idatividade, nome, descricao, data, publicoalvo) values (6, 'Good Luck Chuck', 'Proin leo odio, porttitor id, consequat in, consequat ut, nulla. Sed accumsan felis. Ut at dolor quis odio consequat varius. Integer ac leo.', '2020-08-13', 'Nuclear Power Engineer');
insert into artigo (idatividade, nome, descricao, data, publicoalvo) values (7, 'Masque of the Red Death, The', 'Donec semper sapien a libero. Nam dui. Proin leo odio, porttitor id, consequat in, consequat ut, nulla. Sed accumsan felis.', '2019-04-17', 'Recruiter');
insert into artigo (idatividade, nome, descricao, data, publicoalvo) values (8, 'The Evictors', 'Cum sociis natoque penatibus et magnis dis parturient montes, nascetur ridiculus mus. Etiam vel augue. Vestibulum rutrum rutrum neque. Aenean auctor gravida sem. Praesent id massa id nisl venenatis lacinia. Aenean sit amet justo.', '2020-02-15', 'Account Coordinator');
insert into artigo (idatividade, nome, descricao, data, publicoalvo) values (9, 'High and Low (Tengoku to jigoku)', 'Vivamus vel nulla eget eros elementum pellentesque. Quisque porta volutpat erat. Quisque erat eros, viverra eget, congue eget, semper rutrum, nulla. Nunc purus. Phasellus in felis.', '2020-07-10', 'Senior Developer');
insert into artigo (idatividade, nome, descricao, data, publicoalvo) values (10, 'Gumby: The Movie', 'Donec vitae nisi. Nam ultrices, libero non mattis pulvinar, nulla pede ullamcorper augue, a suscipit nulla elit ac nulla. Sed vel enim sit amet nunc viverra dapibus. Nulla suscipit ligula in lacus.', '2020-03-29', 'Analyst Programmer');
insert into artigo (idatividade, nome, descricao, data, publicoalvo) values (11, 'Main Street', 'Nam congue, risus semper porta volutpat, quam pede lobortis ligula, sit amet eleifend pede libero quis orci. Nullam molestie nibh in lectus.', '2020-05-16', 'Senior Quality Engineer');
insert into artigo (idatividade, nome, descricao, data, publicoalvo) values (12, 'Snipes', 'Integer tincidunt ante vel ipsum.', '2020-06-01', 'Senior Financial Analyst');
insert into artigo (idatividade, nome, descricao, data, publicoalvo) values (13, 'Angriest Man in Brooklyn, The', 'Nullam porttitor lacus at turpis. Donec posuere metus vitae ipsum. Aliquam non mauris. Morbi non lectus. Aliquam sit amet diam in magna bibendum imperdiet.', '2020-06-11', 'Senior Sales Associate');
insert into artigo (idatividade, nome, descricao, data, publicoalvo) values (14, 'Unforgiven', 'Nunc nisl. Duis bibendum, felis sed interdum venenatis, turpis enim blandit mi, in porttitor pede justo eu massa. Donec dapibus. Duis at velit eu est congue elementum. In hac habitasse platea dictumst.', '2019-10-04', 'Teacher');
insert into artigo (idatividade, nome, descricao, data, publicoalvo) values (15, 'Art of Crying, The (Kunsten at græde i kor)', 'Proin leo odio, porttitor id, consequat in, consequat ut, nulla. Sed accumsan felis.', '2020-04-13', 'Speech Pathologist');

insert into atividadesocial (tipo, tema, fk_atividade_idatividade) values ('Training', 'So Much Water', 2);
insert into atividadesocial (tipo, tema, fk_atividade_idatividade) values ('Services', 'Coco Chanel', 2);
insert into atividadesocial (tipo, tema, fk_atividade_idatividade) values ('Human Resources', 'Wooden Bridge, The', 5);
insert into atividadesocial (tipo, tema, fk_atividade_idatividade) values ('Engineering', 'Stand Up and Fight', 2);
insert into atividadesocial (tipo, tema, fk_atividade_idatividade) values ('Research and Development', 'Rocks in my Pockets', 4);

insert into avaliacao (idavaliacao, nota, comentario, data, fk_atividade_idatividade, fk_evento_idevento, fk_pessoa_idpessoa) values (1, 4, 'Vestibulum ac est lacinia nisi venenatis tristique. Fusce congue, diam id ornare imperdiet, sapien urna pretium nisl, ut volutpat sapien arcu sed augue. Aliquam erat volutpat. In congue. Etiam justo. Etiam pretium iaculis justo. In hac habitasse platea dictumst. Etiam faucibus cursus urna.', '2020-11-03', 4, 3, 2);
insert into avaliacao (idavaliacao, nota, comentario, data, fk_atividade_idatividade, fk_evento_idevento, fk_pessoa_idpessoa) values (2, 10, 'Fusce posuere felis sed lacus. Morbi sem mauris, laoreet ut, rhoncus aliquet, pulvinar sed, nisl. Nunc rhoncus dui vel sem. Sed sagittis. Nam congue, risus semper porta volutpat, quam pede lobortis ligula, sit amet eleifend pede libero quis orci. Nullam molestie nibh in lectus. Pellentesque at nulla. Suspendisse potenti. Cras in purus eu magna vulputate luctus.', '2020-09-07', 5, 4, 1);
insert into avaliacao (idavaliacao, nota, comentario, data, fk_atividade_idatividade, fk_evento_idevento, fk_pessoa_idpessoa) values (3, 3, 'Vestibulum ante ipsum primis in faucibus orci luctus et ultrices posuere cubilia Curae; Mauris viverra diam vitae quam. Suspendisse potenti. Nullam porttitor lacus at turpis.', '2020-03-21', 5, 6, 2);
insert into avaliacao (idavaliacao, nota, comentario, data, fk_atividade_idatividade, fk_evento_idevento, fk_pessoa_idpessoa) values (4, 6, 'Phasellus sit amet erat. Nulla tempus. Vivamus in felis eu sapien cursus vestibulum.', '2020-07-20', 6, 3, 2);
insert into avaliacao (idavaliacao, nota, comentario, data, fk_atividade_idatividade, fk_evento_idevento, fk_pessoa_idpessoa) values (5, 8, 'Vestibulum quam sapien, varius ut, blandit non, interdum in, ante. Vestibulum ante ipsum primis in faucibus orci luctus et ultrices posuere cubilia Curae; Duis faucibus accumsan odio.', '2020-08-06', 6, 5, 2);
insert into avaliacao (idavaliacao, nota, comentario, data, fk_atividade_idatividade, fk_evento_idevento, fk_pessoa_idpessoa) values (6, 9, 'Etiam justo. Etiam pretium iaculis justo.', '2020-07-03', 6, 5, 5);
insert into avaliacao (idavaliacao, nota, comentario, data, fk_atividade_idatividade, fk_evento_idevento, fk_pessoa_idpessoa) values (7, 5, 'Vivamus vestibulum sagittis sapien. Cum sociis natoque penatibus et magnis dis parturient montes, nascetur ridiculus mus. Etiam vel augue. Vestibulum rutrum rutrum neque. Aenean auctor gravida sem. Praesent id massa id nisl venenatis lacinia. Aenean sit amet justo.', '2018-09-19', 5, 1, 1);
insert into avaliacao (idavaliacao, nota, comentario, data, fk_atividade_idatividade, fk_evento_idevento, fk_pessoa_idpessoa) values (8, 3, 'Vestibulum ante ipsum primis in faucibus orci luctus et ultrices posuere cubilia Curae; Nulla dapibus dolor vel est. Donec odio justo, sollicitudin ut, suscipit a, feugiat et, eros. Vestibulum ac est lacinia nisi venenatis tristique. Fusce congue, diam id ornare imperdiet, sapien urna pretium nisl, ut volutpat sapien arcu sed augue. Aliquam erat volutpat. In congue. Etiam justo.', '2019-03-23', 3, 6, 5);
insert into avaliacao (idavaliacao, nota, comentario, data, fk_atividade_idatividade, fk_evento_idevento, fk_pessoa_idpessoa) values (9, 1, 'Etiam faucibus cursus urna.', '2020-10-09', 4, 5, 3);
insert into avaliacao (idavaliacao, nota, comentario, data, fk_atividade_idatividade, fk_evento_idevento, fk_pessoa_idpessoa) values (10, 10, 'Vestibulum ante ipsum primis in faucibus orci luctus et ultrices posuere cubilia Curae; Mauris viverra diam vitae quam. Suspendisse potenti. Nullam porttitor lacus at turpis. Donec posuere metus vitae ipsum. Aliquam non mauris. Morbi non lectus. Aliquam sit amet diam in magna bibendum imperdiet. Nullam orci pede, venenatis non, sodales sed, tincidunt eu, felis.', '2020-04-02', 3, 5, 6);
insert into avaliacao (idavaliacao, nota, comentario, data, fk_atividade_idatividade, fk_evento_idevento, fk_pessoa_idpessoa) values (11, 7, 'Duis ac nibh.', '2019-03-14', 2, 2, 3);
insert into avaliacao (idavaliacao, nota, comentario, data, fk_atividade_idatividade, fk_evento_idevento, fk_pessoa_idpessoa) values (12, 8, 'Cras mi pede, malesuada in, imperdiet et, commodo vulputate, justo. In blandit ultrices enim. Lorem ipsum dolor sit amet, consectetuer adipiscing elit. Proin interdum mauris non ligula pellentesque ultrices.', '2018-12-19', 2, 4, 2);
insert into avaliacao (idavaliacao, nota, comentario, data, fk_atividade_idatividade, fk_evento_idevento, fk_pessoa_idpessoa) values (13, 7, 'Aliquam quis turpis eget elit sodales scelerisque. Mauris sit amet eros. Suspendisse accumsan tortor quis turpis. Sed ante. Vivamus tortor. Duis mattis egestas metus.', '2019-04-29', 6, 4, 6);
insert into avaliacao (idavaliacao, nota, comentario, data, fk_atividade_idatividade, fk_evento_idevento, fk_pessoa_idpessoa) values (14, 8, 'Integer aliquet, massa id lobortis convallis, tortor risus dapibus augue, vel accumsan tellus nisi eu orci. Mauris lacinia sapien quis libero. Nullam sit amet turpis elementum ligula vehicula consequat.', '2019-09-17', 4, 1, 2);
insert into avaliacao (idavaliacao, nota, comentario, data, fk_atividade_idatividade, fk_evento_idevento, fk_pessoa_idpessoa) values (15, 10, 'Maecenas ut massa quis augue luctus tincidunt. Nulla mollis molestie lorem. Quisque ut erat. Curabitur gravida nisi at nibh. In hac habitasse platea dictumst.', '2020-02-07', 2, 2, 5);
insert into avaliacao (idavaliacao, nota, comentario, data, fk_atividade_idatividade, fk_evento_idevento, fk_pessoa_idpessoa) values (16, 2, 'Nam nulla. Integer pede justo, lacinia eget, tincidunt eget, tempus vel, pede. Morbi porttitor lorem id ligula.', '2018-11-17', 6, 3, 4);
insert into avaliacao (idavaliacao, nota, comentario, data, fk_atividade_idatividade, fk_evento_idevento, fk_pessoa_idpessoa) values (17, 7, 'Duis bibendum, felis sed interdum venenatis, turpis enim blandit mi, in porttitor pede justo eu massa. Donec dapibus. Duis at velit eu est congue elementum. In hac habitasse platea dictumst. Morbi vestibulum, velit id pretium iaculis, diam erat fermentum justo, nec condimentum neque sapien placerat ante. Nulla justo. Aliquam quis turpis eget elit sodales scelerisque. Mauris sit amet eros. Suspendisse accumsan tortor quis turpis. Sed ante.', '2019-06-02', 1, 1, 3);
insert into avaliacao (idavaliacao, nota, comentario, data, fk_atividade_idatividade, fk_evento_idevento, fk_pessoa_idpessoa) values (18, 4, 'Morbi porttitor lorem id ligula. Suspendisse ornare consequat lectus. In est risus, auctor sed, tristique in, tempus sit amet, sem. Fusce consequat. Nulla nisl. Nunc nisl. Duis bibendum, felis sed interdum venenatis, turpis enim blandit mi, in porttitor pede justo eu massa. Donec dapibus.', '2019-12-24', 2, 3, 6);
insert into avaliacao (idavaliacao, nota, comentario, data, fk_atividade_idatividade, fk_evento_idevento, fk_pessoa_idpessoa) values (19, 8, 'Mauris enim leo, rhoncus sed, vestibulum sit amet, cursus id, turpis. Integer aliquet, massa id lobortis convallis, tortor risus dapibus augue, vel accumsan tellus nisi eu orci. Mauris lacinia sapien quis libero. Nullam sit amet turpis elementum ligula vehicula consequat. Morbi a ipsum.', '2019-11-20', 4, 4, 2);
insert into avaliacao (idavaliacao, nota, comentario, data, fk_atividade_idatividade, fk_evento_idevento, fk_pessoa_idpessoa) values (20, 6, 'Maecenas tristique, est et tempus semper, est quam pharetra magna, ac consequat metus sapien ut nunc. Vestibulum ante ipsum primis in faucibus orci luctus et ultrices posuere cubilia Curae; Mauris viverra diam vitae quam. Suspendisse potenti. Nullam porttitor lacus at turpis. Donec posuere metus vitae ipsum.', '2019-04-18', 3, 6, 5);
insert into avaliacao (idavaliacao, nota, comentario, data, fk_atividade_idatividade, fk_evento_idevento, fk_pessoa_idpessoa) values (21, 6, 'Donec odio justo, sollicitudin ut, suscipit a, feugiat et, eros. Vestibulum ac est lacinia nisi venenatis tristique. Fusce congue, diam id ornare imperdiet, sapien urna pretium nisl, ut volutpat sapien arcu sed augue.', '2019-07-31', 3, 6, 3);
insert into avaliacao (idavaliacao, nota, comentario, data, fk_atividade_idatividade, fk_evento_idevento, fk_pessoa_idpessoa) values (22, 2, 'Maecenas pulvinar lobortis est. Phasellus sit amet erat. Nulla tempus.', '2020-10-23', 5, 4, 2);
insert into avaliacao (idavaliacao, nota, comentario, data, fk_atividade_idatividade, fk_evento_idevento, fk_pessoa_idpessoa) values (23, 10, 'Duis aliquam convallis nunc. Proin at turpis a pede posuere nonummy. Integer non velit. Donec diam neque, vestibulum eget, vulputate ut, ultrices vel, augue. Vestibulum ante ipsum primis in faucibus orci luctus et ultrices posuere cubilia Curae; Donec pharetra, magna vestibulum aliquet ultrices, erat tortor sollicitudin mi, sit amet lobortis sapien sapien non mi. Integer ac neque. Duis bibendum. Morbi non quam nec dui luctus rutrum. Nulla tellus.', '2018-09-17', 1, 4, 2);
insert into avaliacao (idavaliacao, nota, comentario, data, fk_atividade_idatividade, fk_evento_idevento, fk_pessoa_idpessoa) values (24, 9, 'Donec odio justo, sollicitudin ut, suscipit a, feugiat et, eros. Vestibulum ac est lacinia nisi venenatis tristique. Fusce congue, diam id ornare imperdiet, sapien urna pretium nisl, ut volutpat sapien arcu sed augue. Aliquam erat volutpat. In congue. Etiam justo.', '2019-12-30', 2, 2, 3);
insert into avaliacao (idavaliacao, nota, comentario, data, fk_atividade_idatividade, fk_evento_idevento, fk_pessoa_idpessoa) values (25, 7, 'Nunc rhoncus dui vel sem. Sed sagittis. Nam congue, risus semper porta volutpat, quam pede lobortis ligula, sit amet eleifend pede libero quis orci.', '2019-11-03', 2, 3, 3);
insert into avaliacao (idavaliacao, nota, comentario, data, fk_atividade_idatividade, fk_evento_idevento, fk_pessoa_idpessoa) values (26, 1, 'Nulla facilisi. Cras non velit nec nisi vulputate nonummy. Maecenas tincidunt lacus at velit. Vivamus vel nulla eget eros elementum pellentesque. Quisque porta volutpat erat.', '2020-09-09', 6, 1, 1);
insert into avaliacao (idavaliacao, nota, comentario, data, fk_atividade_idatividade, fk_evento_idevento, fk_pessoa_idpessoa) values (27, 2, 'Morbi ut odio. Cras mi pede, malesuada in, imperdiet et, commodo vulputate, justo. In blandit ultrices enim. Lorem ipsum dolor sit amet, consectetuer adipiscing elit.', '2019-01-04', 5, 2, 2);
insert into avaliacao (idavaliacao, nota, comentario, data, fk_atividade_idatividade, fk_evento_idevento, fk_pessoa_idpessoa) values (28, 2, 'Nulla tempus. Vivamus in felis eu sapien cursus vestibulum. Proin eu mi. Nulla ac enim. In tempor, turpis nec euismod scelerisque, quam turpis adipiscing lorem, vitae mattis nibh ligula nec sem.', '2019-04-19', 2, 6, 5);
insert into avaliacao (idavaliacao, nota, comentario, data, fk_atividade_idatividade, fk_evento_idevento, fk_pessoa_idpessoa) values (29, 2, 'Duis bibendum. Morbi non quam nec dui luctus rutrum. Nulla tellus. In sagittis dui vel nisl. Duis ac nibh.', '2020-04-02', 3, 6, 1);
insert into avaliacao (idavaliacao, nota, comentario, data, fk_atividade_idatividade, fk_evento_idevento, fk_pessoa_idpessoa) values (30, 2, 'Cras non velit nec nisi vulputate nonummy. Maecenas tincidunt lacus at velit. Vivamus vel nulla eget eros elementum pellentesque. Quisque porta volutpat erat. Quisque erat eros, viverra eget, congue eget, semper rutrum, nulla. Nunc purus. Phasellus in felis. Donec semper sapien a libero.', '2020-07-19', 3, 5, 2);

insert into beneficio (idbeneficio, nome, descricao) values (1, 'Goldenrod', 'Vestibulum quam sapien, varius ut, blandit non, interdum in, ante. Vestibulum ante ipsum primis in faucibus orci luctus et ultrices posuere cubilia Curae; Duis faucibus accumsan odio. Curabitur convallis. Duis consequat dui nec nisi volutpat eleifend.');
insert into beneficio (idbeneficio, nome, descricao) values (2, 'Teal', 'Duis aliquam convallis nunc.');
insert into beneficio (idbeneficio, nome, descricao) values (3, 'Teal', 'Integer non velit. Donec diam neque, vestibulum eget, vulputate ut, ultrices vel, augue.');
insert into beneficio (idbeneficio, nome, descricao) values (4, 'Khaki', 'Quisque erat eros, viverra eget, congue eget, semper rutrum, nulla. Nunc purus. Phasellus in felis. Donec semper sapien a libero. Nam dui. Proin leo odio, porttitor id, consequat in, consequat ut, nulla.');
insert into beneficio (idbeneficio, nome, descricao) values (5, 'Blue', 'Donec vitae nisi. Nam ultrices, libero non mattis pulvinar, nulla pede ullamcorper augue, a suscipit nulla elit ac nulla. Sed vel enim sit amet nunc viverra dapibus. Nulla suscipit ligula in lacus. Curabitur at ipsum ac tellus semper interdum.');
insert into beneficio (idbeneficio, nome, descricao) values (6, 'Crimson', 'Vestibulum ante ipsum primis in faucibus orci luctus et ultrices posuere cubilia Curae; Duis faucibus accumsan odio. Curabitur convallis. Duis consequat dui nec nisi volutpat eleifend.');
insert into beneficio (idbeneficio, nome, descricao) values (7, 'Puce', 'Duis bibendum. Morbi non quam nec dui luctus rutrum. Nulla tellus. In sagittis dui vel nisl. Duis ac nibh.');
insert into beneficio (idbeneficio, nome, descricao) values (8, 'Indigo', 'Quisque id justo sit amet sapien dignissim vestibulum. Vestibulum ante ipsum primis in faucibus orci luctus et ultrices posuere cubilia Curae; Nulla dapibus dolor vel est.');
insert into beneficio (idbeneficio, nome, descricao) values (9, 'Mauv', 'Integer ac leo. Pellentesque ultrices mattis odio. Donec vitae nisi.');
insert into beneficio (idbeneficio, nome, descricao) values (10, 'Aquamarine', 'Integer a nibh. In quis justo. Maecenas rhoncus aliquam lacus. Morbi quis tortor id nulla ultrices aliquet.');
insert into beneficio (idbeneficio, nome, descricao) values (11, 'Red', 'Donec dapibus. Duis at velit eu est congue elementum. In hac habitasse platea dictumst. Morbi vestibulum, velit id pretium iaculis, diam erat fermentum justo, nec condimentum neque sapien placerat ante.');
insert into beneficio (idbeneficio, nome, descricao) values (12, 'Aquamarine', 'In hac habitasse platea dictumst. Aliquam augue quam, sollicitudin vitae, consectetuer eget, rutrum at, lorem. Integer tincidunt ante vel ipsum.');

insert into canalstreaming  (idstreaming, titulo, url, fk_portalvirtual_fk_plataforma_idplataforma) values (1, 'Voltsillam', 'https://sfgate.com/nulla/ultrices/aliquet/maecenas.xml', 3);
insert into canalstreaming  (idstreaming, titulo, url, fk_portalvirtual_fk_plataforma_idplataforma) values (2, 'Zoolab', 'http://reuters.com/risus/auctor/sed/tristique/in.jsp', 4);
insert into canalstreaming  (idstreaming, titulo, url, fk_portalvirtual_fk_plataforma_idplataforma) values (3, 'Y-find', 'https://bbc.co.uk/donec/dapibus/duis/at/velit/eu/est.json', 3);
insert into canalstreaming  (idstreaming, titulo, url, fk_portalvirtual_fk_plataforma_idplataforma) values (4, 'Viva', 'http://amazon.co.uk/interdum.png', 2);
insert into canalstreaming  (idstreaming, titulo, url, fk_portalvirtual_fk_plataforma_idplataforma) values (5, 'Wrapsafe', 'https://weather.com/porttitor/lacus/at/turpis.json', 6);
insert into canalstreaming  (idstreaming, titulo, url, fk_portalvirtual_fk_plataforma_idplataforma) values (6, 'Fintone', 'https://ed.gov/ligula/vehicula/consequat.js', 5);

insert into certificado (idcertificado, descricao, data, cargahoraria) values (1, 'Grass-roots contextually-based policy', '2020-07-26', 24);
insert into certificado (idcertificado, descricao, data, cargahoraria) values (2, 'Customer-focused client-server moderator', '2020-04-27', 8);
insert into certificado (idcertificado, descricao, data, cargahoraria) values (3, 'Triple-buffered intermediate superstructure', '2020-03-09', 18);
insert into certificado (idcertificado, descricao, data, cargahoraria) values (4, 'Distributed explicit info-mediaries', '2018-11-18', 13);
insert into certificado (idcertificado, descricao, data, cargahoraria) values (5, 'Profit-focused reciprocal circuit', '2019-10-16', 13);
insert into certificado (idcertificado, descricao, data, cargahoraria) values (6, 'Ergonomic multi-state Graphic Interface', '2020-07-05', 14);
insert into certificado (idcertificado, descricao, data, cargahoraria) values (7, 'Innovative high-level middleware', '2019-07-19', 18);
insert into certificado (idcertificado, descricao, data, cargahoraria) values (8, 'Centralized directional knowledge user', '2019-10-17', 17);
insert into certificado (idcertificado, descricao, data, cargahoraria) values (9, 'User-centric executive protocol', '2019-08-11', 9);
insert into certificado (idcertificado, descricao, data, cargahoraria) values (10, 'Advanced 3rd generation contingency', '2019-10-18', 1);
insert into certificado (idcertificado, descricao, data, cargahoraria) values (11, 'Seamless global moratorium', '2018-12-28', 8);
insert into certificado (idcertificado, descricao, data, cargahoraria) values (12, 'Versatile bottom-line project', '2020-06-14', 16);
insert into certificado (idcertificado, descricao, data, cargahoraria) values (13, 'Sharable intangible circuit', '2019-02-24', 15);
insert into certificado (idcertificado, descricao, data, cargahoraria) values (14, 'Organized actuating infrastructure', '2020-09-07', 1);
insert into certificado (idcertificado, descricao, data, cargahoraria) values (15, 'Triple-buffered dynamic synergy', '2019-07-06', 17);

insert into concursoconcorridopor  (fk_concurso_fk_atividade_idatividade, fk_papel_idpapel) values (6, 6);
insert into concursoconcorridopor  (fk_concurso_fk_atividade_idatividade, fk_papel_idpapel) values (4, 4);
insert into concursoconcorridopor  (fk_concurso_fk_atividade_idatividade, fk_papel_idpapel) values (1, 3);
insert into concursoconcorridopor  (fk_concurso_fk_atividade_idatividade, fk_papel_idpapel) values (4, 4);
insert into concursoconcorridopor  (fk_concurso_fk_atividade_idatividade, fk_papel_idpapel) values (3, 4);






INSERT INTO public.anuncioonline (titulo,descricao,url,acessos,custoporclique) VALUES
	 ('facilitate intuitive schemas','Compatible empowering knowledge user','http://photobucket.com/ut/erat/curabitur.js',2975,7.12),
	 ('benchmark virtual synergies','Grass-roots zero defect toolset','http://hubpages.com/adipiscing/elit/proin/risus/praesent/lectus/vestibulum.aspx',3314,0.93),
	 ('whiteboard mission-critical schemas','Optimized uniform analyzer','http://webnode.com/ipsum/primis/in/faucibus.jsp',2097,6.52),
	 ('e-enable vertical bandwidth','Secured intermediate throughput','https://nih.gov/nec/dui/luctus/rutrum/nulla/tellus.aspx',4650,0.73),
	 ('exploit innovative interfaces','Cross-platform bifurcated pricing structure','https://g.co/morbi.js',4471,2.23),
	 ('integrate best-of-breed communities','Business-focused executive open system','http://domainmarket.com/lobortis/sapien/sapien/non.png',5068,0.58);

INSERT INTO public.entidade (nome,telefone,email) VALUES
	 ('Trilith','(70)96312-0454','kpearcy0@google.com.hk'),
	 ('Kaymbo','(35)95564-8065','lluckett1@buzzfeed.com'),
	 ('Blogpad','(71)90530-5215','mschinetti2@rediff.com'),
	 ('Innotype','(51)97650-3018','rhawthorne3@friendfeed.com'),
	 ('Tagchat','(06)92231-9612','lhawarden4@dagondesign.com'),
	 ('Vipe','(49)95066-0338','ccovert5@google.com.hk'),
	 ('Snaptags','(53)93511-2292','bhearne7@ehow.com');

INSERT INTO public.evento (tema,nome,edicao) VALUES
	 ('Public Utilities','Grass-roots radical approach','DB2020'),
	 ('Capital Goods','Robust methodical adapter','VRTV2020'),
	 ('Public Utilities','User-centric multi-state encoding','TRCO2020'),
	 ('Technology','Multi-tiered 5th generation system engine','RPM2019'),
	 ('Health Care','Future-proofed dedicated architecture','TCRD2019'),
	 ('Finance','Front-line optimizing matrices','AAME2019'),
	 ('Basic Industries','Re-engineered systemic internet solution','ZBIO2020');

INSERT INTO public.universidade (mec) VALUES
	 ('EAFIT'),
	 ('BSTU'),
	 ('WMS'),
	 ('TDIV'),
	 ('FSCE');