insert into pacote (idpacote, tipo, classe) values (1, 'comercial', 'Einstein (Gold)');
insert into pacote (idpacote, tipo, classe) values (2, 'comercial', 'Curie (Silver)');
insert into pacote (idpacote, tipo, classe) values (3, 'comercial', 'Newton (Bronze)');
insert into pacote (idpacote, tipo, classe) values (4, 'institucional', 'Einstein (Gold)');
insert into pacote (idpacote, tipo, classe) values (5, 'institucional', 'Curie (Silver)');
insert into pacote (idpacote, tipo, classe) values (6, 'institucional', 'Newton (Bronze)');

insert into redesocial (idredesocial, nome, descricao, url, icone) values (1, 'Duobam', 'In hac habitasse platea dictumst.', 'http://zdnet.com', 'data:image/png;base64,iVBORw0KGgoAAAANSUhEUgAAABAAAAAQCAYAAAAf8/9hAAAABGdBTUEAAK/INwWK6QAAABl0RVh0U29mdHdhcmUAQWRvYmUgSW1hZ2VSZWFkeXHJZTwAAAKeSURBVDjLrZN9SFNRGMaPhGAUFEKB9CEG0QckCpUWpn+sLPqnECIoUTRSSdD+MFJM8gNJjXLDUCHS1t2kTJlpSYhjbroPttxV1DHHptgczW1+lISgc0/nnBoERRB14MeBe8/z3Od933sIAPIvkP9qMD09HU8R7Ha7YLPZhKmpqZ7JycmeiYkJYXx8XBgbGxOsVmv8LwYOhyOVCudmZmYQCASwuLjIWVpa4rvf7+csLCyAmsJiscyZzeZUbkDFEioOLS8vw+/5iA9vO6Fpk+JN3V10VxVxeutLoWmXYbS/i55xw+fzwWQyhYxGo4TFFpl4Y2ODH2y8fOKP9DaUYnV1lZvo9XqR0Dhf1Go1QqEQgtRkoLUeipJsNGdKIMtI5rRknUPHnRz+zimasbKywksaHh7+TBQKxbzX68Xa2hqCwSDf19fXOSxZmNsdqbjZnghfwAtaNlwuF3Q6nYs0NTV14sdi0Wj3wQzDjWOwuAUvklHVdw1XWw/D7rCBTgpDQ0NSkpaWdj5swA7SscHpdKJYeQZFQjIK5MeR+ywB91RX0GmRoeT1JaRLYzCoGYBGo9lOoqOjT4W/zsSzs7Nwu90oFJLQY21G9+gTLnxpkUI6WAK5sQEFynScfBCFYzURO0hkZGQSrUnc3NzkcZmBx+PBDVovEz8eKEb9+0LU9uehsi8H1e/y0aqrQebzFBy8T4KErq3MRKVS2VhzRFHkPbj+9AhemaVQmh5BbmhAm76OmtxCi64aecoLiKsgvj1lJOH770hIBGWbVqvtorMNsT8yo+UALsr24mzjbqQ83Ims9tNo1lYiV0hHbAX5FFNGjv72MhkMhn0jIyNBOmNQQ9YoTmJtFLLlEsSWk3kqPvTXt5FG/rq/fAt2lZG4n59/Ay6e4tcw3s+GAAAAAElFTkSuQmCC');
insert into redesocial (idredesocial, nome, descricao, url, icone) values (2, 'Stringtough', 'Mauris lacinia sapien quis libero.', 'http://wikia.com', 'data:image/png;base64,iVBORw0KGgoAAAANSUhEUgAAABAAAAAQCAYAAAAf8/9hAAAABGdBTUEAAK/INwWK6QAAABl0RVh0U29mdHdhcmUAQWRvYmUgSW1hZ2VSZWFkeXHJZTwAAAKqSURBVDjLjZNdSFNhGMdPqJU3QXdCQXhT3XUdQqS0rNR2sRB3YWxMIyxEYtM22MJKY+kCo7ESgi5CK8MgWrimTN1xm24izuWGKUutOdP5se+zj/PvPackFxW98Ls45zz/3/s878uhAFA7nFGPSKo6HGZhp4MlQKhzJISd44lK7Rhb0kw/2l27Q87D+XY6tR5OYCOaRCjyg/VwEt5AGOq3S5B1zcVPXXu376+CSq0tvh1jMLmcIaTh+MxgdD6JZDqLyUAGd98voUxp6fmroEJrS3CCKSKY+pLBxGIK9AID/2oUXGermzEINKPpPwpaW1sLK7RjzFaUwQzZbWYl+7OLFMyzMRg9EWyR0c7etjISiaQwR0DCMkKEHBY2icC7wuIjEbiJyLWY5scYmouTbymcu0NDLBZHRCKRjBeQoKC7uxsulwsXO+wIEYEvyMJLmPmaxTQZxU66sJJRQkRwoc0Oq9UKuVyO8vJyASdwk4VgMAi1Wv1fcLU0TaO6unqeEzCZTAYcTqcT4XD4n9hsNuzUNzU1sZRGowHDMDx9fX3w+/286HccehXoy8cwWFaAYfERfHreBqlUCkqlUsHr9fIYDAb4fD5YLJYcRh7IMa0oQcKoAzs7gNiLG3BePwF56VFQCoUCZrOZR6fTwePxwGQy5XLpEOIkjIdVQMtBoL0Ya/dPo6d0PygyB4xGI49erwc5Ex6lUonGxka+zcGyfLCT/di9Nm8VwUzeUw0NDdne3l5ewAVfvX6DoeGxHEyiIkSfkmsnoWQzhQ3C4tU8vCzdC0omkz2pra1119TUQKq3I55gsL7NYI2wupVEIJSA+9k9jF85jkBLMb4pC7BQtweDVfls28kDH3L+Baneka1/PIF6wy/qeMbRpbyJfuFh/hZMgrzlAUGeist8B7UP+hUJif4NAAAAAElFTkSuQmCC');
insert into redesocial (idredesocial, nome, descricao, url, icone) values (3, 'Bitwolf', 'Duis mattis egestas metus.', 'https://woothemes.com', 'data:image/png;base64,iVBORw0KGgoAAAANSUhEUgAAABAAAAAQCAYAAAAf8/9hAAAABGdBTUEAAK/INwWK6QAAABl0RVh0U29mdHdhcmUAQWRvYmUgSW1hZ2VSZWFkeXHJZTwAAAK2SURBVBgZBcFNiJRlAADg532/b2Z2Z9fdUdfWUlwNooJIFNryEEUSBAVCVy9eIrwJngqCwI4Jdg46VBIdukRQtBAdOliUHQ0qlbXE9afdmXVn5vt7v54ntG0Lznx1axWXHh/MnBhXybhKqpRM6jTENu6jwSYe4DN8nwOkun7+6P75E+df2gcAdsq0OC7T4ua0OVhWbBeNm/cf+vbvnVdxLgdIdb280A3g1lajE4I8kOX0OtGhXpTFqJNx7OCsxxbn9nz8y+2LEaCpqoW5nDqxXQbDiq2C4ZThlAcT7j5swDuX1504MueZpc6+HKCpqj27utFOwc60EWOQI8uIGZkgCySEZuTK9U1X14e3c4CmLJcXZzPDSW1ctGJsZZHYBFkk08oytJmNUeGjtb9GOJMD1GW5srzQMZy2any99qddPcZlbfd81+27EyEy38882u/aHE0Wfvj932EO0JTFyv7FnmsbjRCZjKdeWX3SqePzvrnyj/dOPw0APv3xnpTCzxFeu/DdrKbu9jpR2RC1xkXlv+0arP26AWBaMyq4t1UKIYlQF+W+XiAGErTEGGQtVZNcPHtcSq0mtTJJP0+KojDaKeXQlEU/n+vKI1kMmhTMdKJpUfngy5tioG6S1CQt2ralpd9J8hfPXV7ChdWnDrkzat3caMzNUKdW0dSy2EEraIQQtKnVtkldV8qyljdleRKv/3bths1J7mHRqprW9rjSCbmzb+xSpxKRljYkM3nXh1+sezDakTdVdfzUy8/Ovnv6BQDw5vs/yXQkE59cfdtS/5Aguje+5a3nLolmjItS3lTVjTv3hz5fu2YwP2uwMGMw15PnmcP7WZ7fdvLoqkH3AJGt6QGPzNX6XfIQhGOnLy3hHFawF3uxO/aPHH5iZU9n0BuYyRfUqRJSEtpGCmN/rF93d1T5H4CHTHMseNtCAAAAAElFTkSuQmCC');
insert into redesocial (idredesocial, nome, descricao, url, icone) values (4, 'Job', 'Proin risus.', 'http://cornell.edu', 'data:image/png;base64,iVBORw0KGgoAAAANSUhEUgAAABAAAAAQCAYAAAAf8/9hAAAABGdBTUEAAK/INwWK6QAAABl0RVh0U29mdHdhcmUAQWRvYmUgSW1hZ2VSZWFkeXHJZTwAAADqSURBVDjLY/j//z8DJZiBKgbkzH9cMHXX6wcgmiwDQJq3nv/4H0SD+OXl5dlA/L+kpOR/QUHB/+zs7P+pqan/ExIS/kdGRv4PDg7+T10XDHwgpsx8VNC56eWDkJ675Hmhbf3zB0uPvP1fuvQpOBDj4uKyIyIi/gcGBv738vL67+zs/N/Gxua/iYnJf11d3f9qamqogRjQcaugZPHjB66V14ZqINrmXyqIn3bvgXXeJfK8ANLcv+3lfxAN4hsZGWVra2v/V1FR+S8nJ/dfXFz8v5CQ0H8eHp7/7Ozs/5mZmVEDEWQzRS6gBAMAYBDQP57x26IAAAAASUVORK5CYII=');
insert into redesocial (idredesocial, nome, descricao, url, icone) values (5, 'Domainer', 'Cras pellentesque volutpat dui.', 'http://usa.gov', 'data:image/png;base64,iVBORw0KGgoAAAANSUhEUgAAABAAAAAQCAYAAAAf8/9hAAAABGdBTUEAAK/INwWK6QAAABl0RVh0U29mdHdhcmUAQWRvYmUgSW1hZ2VSZWFkeXHJZTwAAALhSURBVDjLfZHtT1JhGMbd+kPaNElNnCHqARQ4TmnjRYRVSPk2hShMJ5IK2hQxdDqxZBnVkuYLpgg4TaeuzElutdXogyw/NNeHvrg258t0mCuuzmHLomVnu7frvp9rv+e+nhMHIO6kEsxzIZjlkLTO9Wcrc7xZ4b89MQ35gpfwZ8+fIZA7lT2j7yuM501karlj7L3/AoT0jXOcW7/6HF/2Ic+TtXWtTeQu6uSGuYMZkWIDr/tEAP85sZM7TRxGV/YSu9zxTHDcbHCG2GgN1CPwZQqm3nLItKyGfwKonGTOZBb4E8SOxFsAX8iFhfVR9L22gXk3CeXzcnjeOnHenor07nNIs6VQt04Tu1TO4+xUzojAzcF48B7uLFaiZaYYjTMV4DsJMLuTUTmqQn4R49PxBlTOIyonuM8yh/lu4utlXxHc7+2wzJXB6JOjdCQPao8CE+8eY2C5D2kdyeCpE6diInBG2W+IoQwQrgx4P9xH62wJ6r2FKB0ioRorxMMVG4zjKjx61QlmawpSzIz95MbEmpg3IJ5kHKonlOh9WYM6jwwlT/NwcViKB8sdqBlRoGrwAgXoRkoTA0nGM5GzdQlg3Iz//YDZA6yD675K2BcaUNV1CdaudrhcLjRbmqBxyNExaUBze3N0ZrPZtvV6fUNiVYL1GMB1ZHaxepjQ3q5Af38/Njc3sbGxgZWVFbR3taG6RY/Qx1B0trq6GvVIpdKemN/I0qWHao21CK6tQWMog0QqgVarhcPhgNlsjmqJRIyiK/J1GmI0GndiASxWj8Vq+UEDal06kPkklpaWEAwGEQgE4PP5wBfyI/FXT0e3sFqt4RgAk8m8odPptmmASF0QEeYJIRKJoFAookVrkiSPlErlIg2gvTGAZOqTyWTrdrt92+PxbPn9fjidThgMBphMpqimZ/QZ7aG9MQAGg3FKIBCki8XizxqNZr+6ujpM1Td2Met7mir1gNJ79Iw+oz209ye6Km+xbu69pwAAAABJRU5ErkJggg==');
insert into redesocial (idredesocial, nome, descricao, url, icone) values (6, 'Cardify', 'Aliquam quis turpis eget elit sodales scelerisque.', 'http://indiegogo.com', 'data:image/png;base64,iVBORw0KGgoAAAANSUhEUgAAABAAAAAQCAYAAAAf8/9hAAAABGdBTUEAAK/INwWK6QAAABl0RVh0U29mdHdhcmUAQWRvYmUgSW1hZ2VSZWFkeXHJZTwAAAJwSURBVDjLjVNdSJNhFH62fWbNWboGKtmipVksf6AsN2dE0K833ZQwiu6CbgLpxgg0QiS6NKG6SMJCyAujCCz7UyhRySgixLT8W9NtLpkuN9/vfc/pwtZFzvKBw4GX5zw87/kxMDOSIdy138SKPzLRLBEfyDrSo5LxjFgBrLhxTfYx55qsox5WdA4rEpmXReiFxxrodM8pEWEx+5n9j0vDvoe7rcm4SR2QopZ1dm+6wWiElmaFeavXyorqV+Ug8MxdMt1Rplgt8mKgiUWomUnM8PiDYjnWWljyXwdMdN+yo9pIMoqvnW0YeXoXpE8jo+iiiRTd+GcTAx0ub0qmy5m25QRik9VgBpiBuO8a0vMqkZpd4Rm5U+BNKhDocFmIqNHsqALJMEC/q5lBpKOm/SSu+PpAiq4P3dxmWSZAiprN9lMbUzMd0GfaATDWZpgTH0Ncn0OubSdqWdsk4/rlRJ2BmTH1ZF8eEw3mHH+tqdgH6MHbuNQ3DrAOQRJCSuRk5qMo14P+sVf45OvF1YjcvrduZlhbWhpqtRSc15iiUPO9ABMkCRxynoVigiIFAsMfmURhbjmiIoYL8e6hhXqjSfM/Kq00bSgqTc+vgpzvhvo5AACISwHFhPHwMHSSkKRDVzrmFudRsrkCUX3B0D/6Rmik1K2MvNMAAM3ihmZxLQl0l0Mqiaz1dkhSUEyYikzAasnG+8m3+B4cRVPQ9M0w0VbcQorOsCKQIiRyjZSICwFBAnEp4LA5UeY4jHcTPRgefI66H0aYpLpnWOka/8auemNoj/2grevLywFBcPsbWPyZwmrgqDWEFJlsMVIpwQaWifdfoJOVMsp2n0QAAAAASUVORK5CYII=');

insert into pessoa (idpessoa, cpf, nome, telefone, email) values (1, '182.368.424-55', 'Alyson Fawley', '+55(83)98316-4101', 'afawley0@tuttocitta.it');
insert into pessoa (idpessoa, cpf, nome, telefone, email) values (2, '567.599.204-57', 'Dorey Rennie', '+55(60)91674-0975', 'drennie1@discovery.com');
insert into pessoa (idpessoa, cpf, nome, telefone, email) values (3, '889.924.995-45', 'Conn Lesley', '+55(51)91515-0078', 'clesley2@yellowbook.com');
insert into pessoa (idpessoa, cpf, nome, telefone, email) values (4, '971.820.080-37', 'Pen McCall', '+55(49)92892-4100', 'pmccall3@delicious.com');
insert into pessoa (idpessoa, cpf, nome, telefone, email) values (5, '402.279.939-22', 'Starlin Oakland', '+55(93)99277-3344', 'soakland4@ft.com');
insert into pessoa (idpessoa, cpf, nome, telefone, email) values (6, '450.265.059-78', 'Courtenay Valero', '+55(28)99049-9972', 'cvalero5@thetimes.co.uk');
insert into pessoa (idpessoa, cpf, nome, telefone, email) values (7, '084.306.919-71', 'Jerrie Netley', '+55(22)94225-8016', 'jnetley6@hugedomains.com');
insert into pessoa (idpessoa, cpf, nome, telefone, email) values (8, '095.768.427-65', 'Wayne Farrow', '+55(41)99381-9164', 'wfarrow7@example.com');
insert into pessoa (idpessoa, cpf, nome, telefone, email) values (9, '691.599.140-78', 'Duncan Foyster', '+55(94)92099-2114', 'dfoyster8@oracle.com');
insert into pessoa (idpessoa, cpf, nome, telefone, email) values (10, '276.680.258-53', 'Ashien Segeswoeth', '+55(57)96916-3061', 'asegeswoeth9@hostgator.com');
insert into pessoa (idpessoa, cpf, nome, telefone, email) values (11, '069.390.665-65', 'Killy Fitzhenry', '+55(87)93882-8935', 'kfitzhenrya@amazon.co.uk');
insert into pessoa (idpessoa, cpf, nome, telefone, email) values (12, '538.615.427-51', 'Ysabel Boyford', '+55(17)94806-2771', 'yboyfordb@guardian.co.uk');
insert into pessoa (idpessoa, cpf, nome, telefone, email) values (13, '618.314.649-61', 'Porter Gainsboro', '+55(55)93151-2783', 'pgainsboroc@feedburner.com');
insert into pessoa (idpessoa, cpf, nome, telefone, email) values (14, '806.025.005-22', 'Skippy McGuirk', '+55(55)96595-9022', 'smcguirkd@un.org');
insert into pessoa (idpessoa, cpf, nome, telefone, email) values (15, '299.546.749-96', 'Miguel Laise', '+55(03)93345-0070', 'mlaisee@tinyurl.com');
insert into pessoa (idpessoa, cpf, nome, telefone, email) values (16, '252.849.111-31', 'Ronny MacVaugh', '+55(09)97293-3419', 'rmacvaughf@yellowpages.com');
insert into pessoa (idpessoa, cpf, nome, telefone, email) values (17, '896.054.699-55', 'Fritz Sewill', '+55(83)92709-6166', 'fsewillg@time.com');
insert into pessoa (idpessoa, cpf, nome, telefone, email) values (18, '659.815.170-72', 'Aguie Jakobssen', '+55(09)95222-4353', 'ajakobssenh@amazon.com');
insert into pessoa (idpessoa, cpf, nome, telefone, email) values (19, '136.063.421-65', 'Rollins Labrow', '+55(87)90364-9200', 'rlabrowi@nba.com');
insert into pessoa (idpessoa, cpf, nome, telefone, email) values (20, '138.021.200-76', 'Clarabelle Dumbrill', '+55(78)98272-9356', 'cdumbrillj@army.mil');
insert into pessoa (idpessoa, cpf, nome, telefone, email) values (21, '187.886.032-74', 'Nelly Shreeves', '+55(54)95865-3661', 'nshreevesk@loc.gov');
insert into pessoa (idpessoa, cpf, nome, telefone, email) values (22, '332.192.347-95', 'Cecilius Baglan', '+55(70)94080-1059', 'cbaglanl@ftc.gov');
insert into pessoa (idpessoa, cpf, nome, telefone, email) values (23, '760.587.280-26', 'Emerson Eilhertsen', '+55(65)94785-6801', 'eeilhertsenm@huffingtonpost.com');
insert into pessoa (idpessoa, cpf, nome, telefone, email) values (24, '550.452.326-06', 'Nesta Treweela', '+55(23)94950-5743', 'ntreweelan@ed.gov');
insert into pessoa (idpessoa, cpf, nome, telefone, email) values (25, '817.316.159-92', 'Priscella Rehm', '+55(16)92155-5112', 'prehmo@globo.com');
insert into pessoa (idpessoa, cpf, nome, telefone, email) values (26, '422.971.717-69', 'Nichole Wilcock', '+55(74)95138-5391', 'nwilcockp@cornell.edu');
insert into pessoa (idpessoa, cpf, nome, telefone, email) values (27, '749.147.676-85', 'Jacky Markwell', '+55(76)98148-1257', 'jmarkwellq@smugmug.com');
insert into pessoa (idpessoa, cpf, nome, telefone, email) values (28, '464.233.573-41', 'Annabell Skouling', '+55(85)96478-8075', 'askoulingr@jugem.jp');
insert into pessoa (idpessoa, cpf, nome, telefone, email) values (29, '703.223.053-37', 'Marna Wootton', '+55(08)91997-4574', 'mwoottons@aboutads.info');
insert into pessoa (idpessoa, cpf, nome, telefone, email) values (30, '987.586.693-33', 'Nils Nolleau', '+55(94)92574-2870', 'nnolleaut@vimeo.com');
insert into pessoa (idpessoa, cpf, nome, telefone, email) values (31, '945.440.404-09', 'Leesa McPike', '+55(19)96215-0639', 'lmcpikeu@canalblog.com');
insert into pessoa (idpessoa, cpf, nome, telefone, email) values (32, '673.989.452-51', 'Georgi Pien', '+55(19)93147-6087', 'gpienv@yale.edu');
insert into pessoa (idpessoa, cpf, nome, telefone, email) values (33, '485.482.303-32', 'Calvin Pitone', '+55(71)94513-0728', 'cpitonew@typepad.com');
insert into pessoa (idpessoa, cpf, nome, telefone, email) values (34, '320.244.744-64', 'Saxon Lorentz', '+55(66)99431-7025', 'slorentzx@thetimes.co.uk');
insert into pessoa (idpessoa, cpf, nome, telefone, email) values (35, '769.667.259-91', 'Jessalyn Glasscott', '+55(96)95079-4964', 'jglasscotty@oracle.com');
insert into pessoa (idpessoa, cpf, nome, telefone, email) values (36, '982.493.393-18', 'Cirilo Sackett', '+55(17)91983-9753', 'csackettz@businesswire.com');
insert into pessoa (idpessoa, cpf, nome, telefone, email) values (37, '285.126.638-98', 'Conway Ellens', '+55(06)98011-4737', 'cellens10@ftc.gov');
insert into pessoa (idpessoa, cpf, nome, telefone, email) values (38, '860.679.269-43', 'Berte Sisnett', '+55(91)99145-5759', 'bsisnett11@jugem.jp');
insert into pessoa (idpessoa, cpf, nome, telefone, email) values (39, '945.019.991-34', 'Marne Parlor', '+55(62)94490-1535', 'mparlor12@artisteer.com');
insert into pessoa (idpessoa, cpf, nome, telefone, email) values (40, '225.791.492-16', 'Freedman Gethouse', '+55(42)93449-6778', 'fgethouse13@google.nl');
insert into pessoa (idpessoa, cpf, nome, telefone, email) values (41, '064.297.145-44', 'Johan Kuhl', '+55(17)92088-8658', 'jkuhl14@harvard.edu');
insert into pessoa (idpessoa, cpf, nome, telefone, email) values (42, '702.346.720-48', 'Damian Castano', '+55(10)94277-7430', 'dcastano15@ocn.ne.jp');
insert into pessoa (idpessoa, cpf, nome, telefone, email) values (43, '143.511.523-67', 'Reynard Need', '+55(92)97755-1615', 'rneed16@jiathis.com');
insert into pessoa (idpessoa, cpf, nome, telefone, email) values (44, '712.139.978-80', 'Antonetta Ewart', '+55(51)95632-3229', 'aewart17@reuters.com');
insert into pessoa (idpessoa, cpf, nome, telefone, email) values (45, '407.334.573-61', 'Ana McMechan', '+55(12)91998-1109', 'amcmechan18@senate.gov');
insert into pessoa (idpessoa, cpf, nome, telefone, email) values (46, '412.125.755-44', 'Janella Elfleet', '+55(05)97588-5103', 'jelfleet19@trellian.com');
insert into pessoa (idpessoa, cpf, nome, telefone, email) values (47, '810.749.084-70', 'Wang Seivwright', '+55(67)99629-0801', 'wseivwright1a@miibeian.gov.cn');
insert into pessoa (idpessoa, cpf, nome, telefone, email) values (48, '849.228.860-84', 'Laurene Godsal', '+55(30)98096-0364', 'lgodsal1b@cnet.com');
insert into pessoa (idpessoa, cpf, nome, telefone, email) values (49, '037.025.891-03', 'Bonnibelle Hagerty', '+55(11)90242-2655', 'bhagerty1c@youtu.be');
insert into pessoa (idpessoa, cpf, nome, telefone, email) values (50, '696.998.736-08', 'Arley Evangelinos', '+55(48)91161-7649', 'aevangelinos1d@samsung.com');
insert into pessoa (idpessoa, cpf, nome, telefone, email) values (51, '471.293.995-42', 'Hubey Collens', '+55(79)95432-7706', 'hcollens1e@lulu.com');
insert into pessoa (idpessoa, cpf, nome, telefone, email) values (52, '279.832.740-88', 'Edouard Berkowitz', '+55(70)96535-4454', 'eberkowitz1f@hp.com');
insert into pessoa (idpessoa, cpf, nome, telefone, email) values (53, '715.442.065-72', 'Hobie Cackett', '+55(66)96289-2149', 'hcackett1g@people.com.cn');
insert into pessoa (idpessoa, cpf, nome, telefone, email) values (54, '574.394.878-63', 'Emmy Edgin', '+55(61)94874-7213', 'eedgin1h@webs.com');
insert into pessoa (idpessoa, cpf, nome, telefone, email) values (55, '294.880.048-33', 'Harrietta Vidineev', '+55(84)96406-3800', 'hvidineev1i@webs.com');
insert into pessoa (idpessoa, cpf, nome, telefone, email) values (56, '804.090.272-09', 'Sylvester Cuttell', '+55(46)92071-6384', 'scuttell1j@imgur.com');
insert into pessoa (idpessoa, cpf, nome, telefone, email) values (57, '646.110.869-10', 'Cece Gildersleeve', '+55(98)97420-4322', 'cgildersleeve1k@wired.com');
insert into pessoa (idpessoa, cpf, nome, telefone, email) values (58, '081.170.579-35', 'Lavina Crucitti', '+55(12)92486-5538', 'lcrucitti1l@naver.com');
insert into pessoa (idpessoa, cpf, nome, telefone, email) values (59, '487.011.069-00', 'Ruby Kingsland', '+55(86)98184-9666', 'rkingsland1m@prnewswire.com');
insert into pessoa (idpessoa, cpf, nome, telefone, email) values (60, '372.006.833-51', 'Rowland Evennett', '+55(37)97401-9383', 'revennett1n@godaddy.com');
insert into pessoa (idpessoa, cpf, nome, telefone, email) values (61, '674.232.728-64', 'Andrus Castellucci', '+55(61)96834-6032', 'acastellucci1o@nih.gov');
insert into pessoa (idpessoa, cpf, nome, telefone, email) values (62, '780.870.926-83', 'Rici Ferroni', '+55(18)98172-6440', 'rferroni1p@posterous.com');
insert into pessoa (idpessoa, cpf, nome, telefone, email) values (63, '089.561.373-47', 'Melinde Tittletross', '+55(82)99878-6986', 'mtittletross1q@gizmodo.com');
insert into pessoa (idpessoa, cpf, nome, telefone, email) values (64, '060.840.388-87', 'Annamaria Edinborough', '+55(28)93449-7391', 'aedinborough1r@npr.org');
insert into pessoa (idpessoa, cpf, nome, telefone, email) values (65, '280.688.880-78', 'Keene Perrett', '+55(35)99610-9451', 'kperrett1s@wufoo.com');

insert into artigo (idatividade, nome, descricao, data, publicoalvo) values (1, 'Turn Left at the End of the World (Sof Ha''Olam Smola)', 'Nam nulla. Integer pede justo, lacinia eget, tincidunt eget, tempus vel, pede.', '2019-08-23', 'Civil Engineer');
insert into artigo (idatividade, nome, descricao, data, publicoalvo) values (2, 'Deeper Shade of Blue, A', 'Nam tristique tortor eu pede.', '2019-03-05', 'Sales Representative');
insert into artigo (idatividade, nome, descricao, data, publicoalvo) values (3, 'Into Great Silence (Die große Stille)', 'Suspendisse potenti. Nullam porttitor lacus at turpis. Donec posuere metus vitae ipsum. Aliquam non mauris. Morbi non lectus. Aliquam sit amet diam in magna bibendum imperdiet.', '2020-11-09', 'Teacher');
insert into artigo (idatividade, nome, descricao, data, publicoalvo) values (4, 'Jungle Book 2, The', 'Duis aliquam convallis nunc. Proin at turpis a pede posuere nonummy.', '2019-01-30', 'Pharmacist');
insert into artigo (idatividade, nome, descricao, data, publicoalvo) values (5, 'Berserk: The Golden Age Arc 3 - Descent', 'In tempor, turpis nec euismod scelerisque, quam turpis adipiscing lorem, vitae mattis nibh ligula nec sem. Duis aliquam convallis nunc. Proin at turpis a pede posuere nonummy. Integer non velit.', '2020-11-04', 'Chemical Engineer');
insert into artigo (idatividade, nome, descricao, data, publicoalvo) values (6, 'Good Luck Chuck', 'Proin leo odio, porttitor id, consequat in, consequat ut, nulla. Sed accumsan felis. Ut at dolor quis odio consequat varius. Integer ac leo.', '2020-08-13', 'Nuclear Power Engineer');
insert into artigo (idatividade, nome, descricao, data, publicoalvo) values (7, 'Masque of the Red Death, The', 'Donec semper sapien a libero. Nam dui. Proin leo odio, porttitor id, consequat in, consequat ut, nulla. Sed accumsan felis.', '2019-04-17', 'Recruiter');
insert into artigo (idatividade, nome, descricao, data, publicoalvo) values (8, 'The Evictors', 'Cum sociis natoque penatibus et magnis dis parturient montes, nascetur ridiculus mus. Etiam vel augue. Vestibulum rutrum rutrum neque. Aenean auctor gravida sem. Praesent id massa id nisl venenatis lacinia. Aenean sit amet justo.', '2020-02-15', 'Account Coordinator');
insert into artigo (idatividade, nome, descricao, data, publicoalvo) values (9, 'High and Low (Tengoku to jigoku)', 'Vivamus vel nulla eget eros elementum pellentesque. Quisque porta volutpat erat. Quisque erat eros, viverra eget, congue eget, semper rutrum, nulla. Nunc purus. Phasellus in felis.', '2020-07-10', 'Senior Developer');
insert into artigo (idatividade, nome, descricao, data, publicoalvo) values (10, 'Gumby: The Movie', 'Donec vitae nisi. Nam ultrices, libero non mattis pulvinar, nulla pede ullamcorper augue, a suscipit nulla elit ac nulla. Sed vel enim sit amet nunc viverra dapibus. Nulla suscipit ligula in lacus.', '2020-03-29', 'Analyst Programmer');
insert into artigo (idatividade, nome, descricao, data, publicoalvo) values (11, 'Main Street', 'Nam congue, risus semper porta volutpat, quam pede lobortis ligula, sit amet eleifend pede libero quis orci. Nullam molestie nibh in lectus.', '2020-05-16', 'Senior Quality Engineer');
insert into artigo (idatividade, nome, descricao, data, publicoalvo) values (12, 'Snipes', 'Integer tincidunt ante vel ipsum.', '2020-06-01', 'Senior Financial Analyst');
insert into artigo (idatividade, nome, descricao, data, publicoalvo) values (13, 'Angriest Man in Brooklyn, The', 'Nullam porttitor lacus at turpis. Donec posuere metus vitae ipsum. Aliquam non mauris. Morbi non lectus. Aliquam sit amet diam in magna bibendum imperdiet.', '2020-06-11', 'Senior Sales Associate');
insert into artigo (idatividade, nome, descricao, data, publicoalvo) values (14, 'Unforgiven', 'Nunc nisl. Duis bibendum, felis sed interdum venenatis, turpis enim blandit mi, in porttitor pede justo eu massa. Donec dapibus. Duis at velit eu est congue elementum. In hac habitasse platea dictumst.', '2019-10-04', 'Teacher');
insert into artigo (idatividade, nome, descricao, data, publicoalvo) values (15, 'Art of Crying, The (Kunsten at græde i kor)', 'Proin leo odio, porttitor id, consequat in, consequat ut, nulla. Sed accumsan felis.', '2020-04-13', 'Speech Pathologist');

insert into beneficio (idbeneficio, nome, descricao) values (1, 'Goldenrod', 'Vestibulum quam sapien, varius ut, blandit non, interdum in, ante. Vestibulum ante ipsum primis in faucibus orci luctus et ultrices posuere cubilia Curae; Duis faucibus accumsan odio. Curabitur convallis. Duis consequat dui nec nisi volutpat eleifend.');
insert into beneficio (idbeneficio, nome, descricao) values (2, 'Teal', 'Duis aliquam convallis nunc.');
insert into beneficio (idbeneficio, nome, descricao) values (3, 'Teal', 'Integer non velit. Donec diam neque, vestibulum eget, vulputate ut, ultrices vel, augue.');
insert into beneficio (idbeneficio, nome, descricao) values (4, 'Khaki', 'Quisque erat eros, viverra eget, congue eget, semper rutrum, nulla. Nunc purus. Phasellus in felis. Donec semper sapien a libero. Nam dui. Proin leo odio, porttitor id, consequat in, consequat ut, nulla.');
insert into beneficio (idbeneficio, nome, descricao) values (5, 'Blue', 'Donec vitae nisi. Nam ultrices, libero non mattis pulvinar, nulla pede ullamcorper augue, a suscipit nulla elit ac nulla. Sed vel enim sit amet nunc viverra dapibus. Nulla suscipit ligula in lacus. Curabitur at ipsum ac tellus semper interdum.');
insert into beneficio (idbeneficio, nome, descricao) values (6, 'Crimson', 'Vestibulum ante ipsum primis in faucibus orci luctus et ultrices posuere cubilia Curae; Duis faucibus accumsan odio. Curabitur convallis. Duis consequat dui nec nisi volutpat eleifend.');
insert into beneficio (idbeneficio, nome, descricao) values (7, 'Puce', 'Duis bibendum. Morbi non quam nec dui luctus rutrum. Nulla tellus. In sagittis dui vel nisl. Duis ac nibh.');
insert into beneficio (idbeneficio, nome, descricao) values (8, 'Indigo', 'Quisque id justo sit amet sapien dignissim vestibulum. Vestibulum ante ipsum primis in faucibus orci luctus et ultrices posuere cubilia Curae; Nulla dapibus dolor vel est.');
insert into beneficio (idbeneficio, nome, descricao) values (9, 'Mauv', 'Integer ac leo. Pellentesque ultrices mattis odio. Donec vitae nisi.');
insert into beneficio (idbeneficio, nome, descricao) values (10, 'Aquamarine', 'Integer a nibh. In quis justo. Maecenas rhoncus aliquam lacus. Morbi quis tortor id nulla ultrices aliquet.');
insert into beneficio (idbeneficio, nome, descricao) values (11, 'Red', 'Donec dapibus. Duis at velit eu est congue elementum. In hac habitasse platea dictumst. Morbi vestibulum, velit id pretium iaculis, diam erat fermentum justo, nec condimentum neque sapien placerat ante.');
insert into beneficio (idbeneficio, nome, descricao) values (12, 'Aquamarine', 'In hac habitasse platea dictumst. Aliquam augue quam, sollicitudin vitae, consectetuer eget, rutrum at, lorem. Integer tincidunt ante vel ipsum.');

insert into certificado (idcertificado, descricao, data, cargahoraria) values (1, 'Grass-roots contextually-based policy', '2020-07-26', 24);
insert into certificado (idcertificado, descricao, data, cargahoraria) values (2, 'Customer-focused client-server moderator', '2020-04-27', 8);
insert into certificado (idcertificado, descricao, data, cargahoraria) values (3, 'Triple-buffered intermediate superstructure', '2020-03-09', 18);
insert into certificado (idcertificado, descricao, data, cargahoraria) values (4, 'Distributed explicit info-mediaries', '2018-11-18', 13);
insert into certificado (idcertificado, descricao, data, cargahoraria) values (5, 'Profit-focused reciprocal circuit', '2019-10-16', 13);
insert into certificado (idcertificado, descricao, data, cargahoraria) values (6, 'Ergonomic multi-state Graphic Interface', '2020-07-05', 14);
insert into certificado (idcertificado, descricao, data, cargahoraria) values (7, 'Innovative high-level middleware', '2019-07-19', 18);
insert into certificado (idcertificado, descricao, data, cargahoraria) values (8, 'Centralized directional knowledge user', '2019-10-17', 17);
insert into certificado (idcertificado, descricao, data, cargahoraria) values (9, 'User-centric executive protocol', '2019-08-11', 9);
insert into certificado (idcertificado, descricao, data, cargahoraria) values (10, 'Advanced 3rd generation contingency', '2019-10-18', 1);
insert into certificado (idcertificado, descricao, data, cargahoraria) values (11, 'Seamless global moratorium', '2018-12-28', 8);
insert into certificado (idcertificado, descricao, data, cargahoraria) values (12, 'Versatile bottom-line project', '2020-06-14', 16);
insert into certificado (idcertificado, descricao, data, cargahoraria) values (13, 'Sharable intangible circuit', '2019-02-24', 15);
insert into certificado (idcertificado, descricao, data, cargahoraria) values (14, 'Organized actuating infrastructure', '2020-09-07', 1);
insert into certificado (idcertificado, descricao, data, cargahoraria) values (15, 'Triple-buffered dynamic synergy', '2019-07-06', 17);

insert into desconto (iddesconto, valor, descricao) values (1, 224.13, 'Vestibulum ante ipsum primis in faucibus orci luctus et ultrices posuere cubilia Curae; Duis faucibus accumsan odio. Curabitur convallis.');
insert into desconto (iddesconto, valor, descricao) values (2, 22.79, 'Cras mi pede, malesuada in, imperdiet et, commodo vulputate, justo.');
insert into desconto (iddesconto, valor, descricao) values (3, 90.63, 'Proin at turpis a pede posuere nonummy.');
insert into desconto (iddesconto, valor, descricao) values (4, 125.91, 'Vivamus vestibulum sagittis sapien.');
insert into desconto (iddesconto, valor, descricao) values (5, 108.74, 'Duis ac nibh. Fusce lacus purus, aliquet at, feugiat non, pretium quis, lectus.');
insert into desconto (iddesconto, valor, descricao) values (6, 80.9, 'Suspendisse potenti. In eleifend quam a odio.');
insert into desconto (iddesconto, valor, descricao) values (7, 42.51, 'Cras non velit nec nisi vulputate nonummy. Maecenas tincidunt lacus at velit.');
insert into desconto (iddesconto, valor, descricao) values (8, 230.71, 'Morbi ut odio. Cras mi pede, malesuada in, imperdiet et, commodo vulputate, justo.');
insert into desconto (iddesconto, valor, descricao) values (9, 73.29, 'Aliquam sit amet diam in magna bibendum imperdiet. Nullam orci pede, venenatis non, sodales sed, tincidunt eu, felis.');
insert into desconto (iddesconto, valor, descricao) values (10, 163.46, 'Proin eu mi.');
insert into desconto (iddesconto, valor, descricao) values (11, 119.26, 'Integer pede justo, lacinia eget, tincidunt eget, tempus vel, pede. Morbi porttitor lorem id ligula.');
insert into desconto (iddesconto, valor, descricao) values (12, 185.17, 'Vestibulum ante ipsum primis in faucibus orci luctus et ultrices posuere cubilia Curae; Donec pharetra, magna vestibulum aliquet ultrices, erat tortor sollicitudin mi, sit amet lobortis sapien sapien non mi. Integer ac neque.');

insert into entidade (identidade, nome, telefone, email) values (1, 'Zontrax', '+55(68)95983-1133', 'wmalkin0@webmd.com');
insert into entidade (identidade, nome, telefone, email) values (2, 'Stronghold', '+55(09)99737-7117', 'athairs1@dropbox.com');
insert into entidade (identidade, nome, telefone, email) values (3, 'Tin', '+55(36)93505-7362', 'shoys2@list-manage.com');
insert into entidade (identidade, nome, telefone, email) values (4, 'Andalax', '+55(20)94211-1125', 'imansfield3@paginegialle.it');
insert into entidade (identidade, nome, telefone, email) values (5, 'Y-find', '+55(85)99545-4134', 'nsewall4@mit.edu');
insert into entidade (identidade, nome, telefone, email) values (6, 'Kanlam', '+55(28)96783-2101', 'eseal5@typepad.com');
insert into entidade (identidade, nome, telefone, email) values (7, 'Fix San', '+55(70)97017-1112', 'gmullineux6@npr.org');
insert into entidade (identidade, nome, telefone, email) values (8, 'Latlux', '+55(90)91412-5718', 'aoshiel7@nsw.gov.au');
insert into entidade (identidade, nome, telefone, email) values (9, 'Stronghold', '+55(71)96234-0877', 'vreddish8@salon.com');
insert into entidade (identidade, nome, telefone, email) values (10, 'Subin', '+55(50)94566-9466', 'maguirrezabal9@mit.edu');
insert into entidade (identidade, nome, telefone, email) values (11, 'Bitchip', '+55(76)92538-2873', 'mcoada@discuz.net');
insert into entidade (identidade, nome, telefone, email) values (12, 'Bamity', '+55(62)97080-4984', 'ctaudevinb@mapy.cz');
insert into entidade (identidade, nome, telefone, email) values (13, 'Hatity', '+55(04)92918-4977', 'kheffordc@npr.org');
insert into entidade (identidade, nome, telefone, email) values (14, 'Stim', '+55(02)92498-7080', 'bdurgand@ameblo.jp');
insert into entidade (identidade, nome, telefone, email) values (15, 'Zontrax', '+55(78)93877-2505', 'asollnere@chron.com');
insert into entidade (identidade, nome, telefone, email) values (16, 'Andalax', '+55(31)94613-1809', 'tdrewsonf@house.gov');
insert into entidade (identidade, nome, telefone, email) values (17, 'Greenlam', '+55(79)96535-4969', 'dgoodieg@elegantthemes.com');
insert into entidade (identidade, nome, telefone, email) values (18, 'Subin', '+55(43)99413-4757', 'mshergoldh@soundcloud.com');
insert into entidade (identidade, nome, telefone, email) values (19, 'Zathin', '+55(03)97384-9475', 'aboudi@lulu.com');
insert into entidade (identidade, nome, telefone, email) values (20, 'Rank', '+55(94)96368-1771', 'bpaffittj@latimes.com');

insert into universidade (mec, razaosocial, fk_entidade_identidade) values ('CVBF', 'Seikei University', 15);
insert into universidade (mec, razaosocial, fk_entidade_identidade) values ('ECR', 'Universidad Nacional de Entre Ríos', 16);
insert into universidade (mec, razaosocial, fk_entidade_identidade) values ('SR', 'California University of Pennsylvania', 17);
insert into universidade (mec, razaosocial, fk_entidade_identidade) values ('BIO.B', 'Ohio University - Zanesville', 18);
insert into universidade (mec, razaosocial, fk_entidade_identidade) values ('IBOC', 'Matn University', 19);
insert into universidade (mec, razaosocial, fk_entidade_identidade) values ('CHRW', 'Arab American University - Jenin', 20);

insert into evento (idevento, tema, nome, edicao) values (1, 'Finance', 'Open-source holistic installation', 2020);
insert into evento (idevento, tema, nome, edicao) values (2, 'Consumer Services', 'Front-line zero tolerance archive', 2019);
insert into evento (idevento, tema, nome, edicao) values (3, 'Health Care', 'Cloned attitude-oriented encoding', 2019);
insert into evento (idevento, tema, nome, edicao) values (4, 'Consumer Non-Durables', 'Triple-buffered bandwidth-monitored utilisation', 2019);
insert into evento (idevento, tema, nome, edicao) values (5, 'Health Care', 'Synchronised national task-force', 2020);
insert into evento (idevento, tema, nome, edicao) values (6, 'Basic Industries', 'Upgradable multimedia time-frame', 2019);
insert into evento (idevento, tema, nome, edicao) values (7, 'Consumer Services', 'Organic intermediate adapter', 2019);
insert into evento (idevento, tema, nome, edicao) values (8, 'Consumer Non-Durables', 'Reduced executive collaboration', 2019);
insert into evento (idevento, tema, nome, edicao) values (9, 'Finance', 'Automated full-range protocol', 2019);
insert into evento (idevento, tema, nome, edicao) values (10, 'Public Utilities', 'Vision-oriented bandwidth-monitored capacity', 2020);

insert into veiculo (idveiculo, marca, modelo, ano) values (1, 'Subaru', 'Impreza', 2001);
insert into veiculo (idveiculo, marca, modelo, ano) values (2, 'Buick', 'Skylark', 1991);
insert into veiculo (idveiculo, marca, modelo, ano) values (3, 'Ford', 'Crown Victoria', 1995);
insert into veiculo (idveiculo, marca, modelo, ano) values (4, 'Mercedes-Benz', 'S-Class', 2009);
insert into veiculo (idveiculo, marca, modelo, ano) values (5, 'Mercury', 'Topaz', 1992);
insert into veiculo (idveiculo, marca, modelo, ano) values (6, 'Mitsubishi', 'Outlander', 2012);
insert into veiculo (idveiculo, marca, modelo, ano) values (7, 'Bentley', 'Mulsanne', 2012);
insert into veiculo (idveiculo, marca, modelo, ano) values (8, 'Chevrolet', 'Suburban 1500', 1995);
insert into veiculo (idveiculo, marca, modelo, ano) values (9, 'Spyker', 'C8', 2005);
insert into veiculo (idveiculo, marca, modelo, ano) values (10, 'Mercedes-Benz', 'S-Class', 2001);
insert into veiculo (idveiculo, marca, modelo, ano) values (11, 'Ford', 'Thunderbird', 1995);
insert into veiculo (idveiculo, marca, modelo, ano) values (12, 'Nissan', 'Titan', 2007);

insert into pontodetransporte (nome, descricao, idpontodepartida, endereco) values ('Vila Mariana', 'Etiam pretium iaculis justo. In hac habitasse platea dictumst.', 1, '14273 Moland Trail');
insert into pontodetransporte (nome, descricao, idpontodepartida, endereco) values ('Consolação', 'Nulla neque libero, convallis eget, eleifend luctus, ultricies eu, nibh. Quisque id justo sit amet sapien dignissim vestibulum.', 2, '75369 Eggendart Hill');
insert into pontodetransporte (nome, descricao, idpontodepartida, endereco) values ('Sé', 'Praesent blandit lacinia erat. Vestibulum sed magna at nunc commodo placerat.', 3, '84 Haas Way');
insert into pontodetransporte (nome, descricao, idpontodepartida, endereco) values ('Pinheiros', 'Morbi sem mauris, laoreet ut, rhoncus aliquet, pulvinar sed, nisl.', 4, '731 Memorial Point');
insert into pontodetransporte (nome, descricao, idpontodepartida, endereco) values ('Moema', 'Maecenas tristique, est et tempus semper, est quam pharetra magna, ac consequat metus sapien ut nunc.', 5, '7313 Florence Point');
insert into pontodetransporte (nome, descricao, idpontodepartida, endereco) values ('Lapa', 'Proin interdum mauris non ligula pellentesque ultrices.', 6, '8 Erie Plaza');
insert into pontodetransporte (nome, descricao, idpontodepartida, endereco) values ('Berrini', 'Quisque arcu libero, rutrum ac, lobortis vel, dapibus at, diam. Nam tristique tortor eu pede.', 7, '44609 Lien Lane');
insert into pontodetransporte (nome, descricao, idpontodepartida, endereco) values ('Gutmann Inc', 'Aenean auctor gravida sem.', 8, '7 Main Trail');
insert into pontodetransporte (nome, descricao, idpontodepartida, endereco) values ('Fahey-Murphy', 'Vestibulum ante ipsum primis in faucibus orci luctus et ultrices posuere cubilia Curae; Donec pharetra, magna vestibulum aliquet ultrices, erat tortor sollicitudin mi, sit amet lobortis sapien sapien non mi. Integer ac neque.', 9, '5853 Sauthoff Way');
insert into pontodetransporte (nome, descricao, idpontodepartida, endereco) values ('Flatley, Cummerata and Ziemann', 'Donec diam neque, vestibulum eget, vulputate ut, ultrices vel, augue. Vestibulum ante ipsum primis in faucibus orci luctus et ultrices posuere cubilia Curae; Donec pharetra, magna vestibulum aliquet ultrices, erat tortor sollicitudin mi, sit amet lobortis sapien sapien non mi.', 10, '858 Parkside Crossing');
insert into pontodetransporte (nome, descricao, idpontodepartida, endereco) values ('Zboncak, Nienow and Pacocha', 'Integer ac leo.', 11, '199 Hintze Way');
insert into pontodetransporte (nome, descricao, idpontodepartida, endereco) values ('Lehner Group', 'Nulla ut erat id mauris vulputate elementum. Nullam varius.', 12, '47544 Browning Plaza');
insert into pontodetransporte (nome, descricao, idpontodepartida, endereco) values ('Grimes-Okuneva', 'Morbi a ipsum.', 13, '47 Pearson Circle');
insert into pontodetransporte (nome, descricao, idpontodepartida, endereco) values ('Parker Inc', 'Nulla mollis molestie lorem. Quisque ut erat.', 14, '037 Acker Place');
insert into pontodetransporte (nome, descricao, idpontodepartida, endereco) values ('Heller LLC', 'In quis justo. Maecenas rhoncus aliquam lacus.', 15, '927 Lunder Alley');
insert into pontodetransporte (nome, descricao, idpontodepartida, endereco) values ('Simonis, Willms and Rice', 'Mauris sit amet eros.', 16, '4 Waubesa Crossing');
insert into pontodetransporte (nome, descricao, idpontodepartida, endereco) values ('Nicolas-Pfeffer', 'Duis aliquam convallis nunc. Proin at turpis a pede posuere nonummy.', 17, '0201 Stang Park');
insert into pontodetransporte (nome, descricao, idpontodepartida, endereco) values ('McGlynn, Ward and Nolan', 'Suspendisse ornare consequat lectus. In est risus, auctor sed, tristique in, tempus sit amet, sem.', 18, '6118 Hooker Trail');

insert into playlist (idplaylist, nome, descricao, horainicio) values (1, 'envisioneer synergistic channels', 'Duis bibendum, felis sed interdum venenatis, turpis enim blandit mi, in porttitor pede justo eu massa. Donec dapibus.', '1:01');
insert into playlist (idplaylist, nome, descricao, horainicio) values (2, 'engage strategic interfaces', 'Duis aliquam convallis nunc.', '14:05');
insert into playlist (idplaylist, nome, descricao, horainicio) values (3, 'utilize turn-key e-tailers', 'Nam ultrices, libero non mattis pulvinar, nulla pede ullamcorper augue, a suscipit nulla elit ac nulla.', '19:30');
insert into playlist (idplaylist, nome, descricao, horainicio) values (4, 'enable frictionless deliverables', 'Integer aliquet, massa id lobortis convallis, tortor risus dapibus augue, vel accumsan tellus nisi eu orci. Mauris lacinia sapien quis libero.', '0:10');
insert into playlist (idplaylist, nome, descricao, horainicio) values (5, 'leverage clicks-and-mortar platforms', 'Sed vel enim sit amet nunc viverra dapibus.', '22:28');
insert into playlist (idplaylist, nome, descricao, horainicio) values (6, 'generate synergistic schemas', 'Cum sociis natoque penatibus et magnis dis parturient montes, nascetur ridiculus mus. Vivamus vestibulum sagittis sapien.', '6:03');
insert into playlist (idplaylist, nome, descricao, horainicio) values (7, 'implement magnetic partnerships', 'In eleifend quam a odio. In hac habitasse platea dictumst.', '5:13');
insert into playlist (idplaylist, nome, descricao, horainicio) values (8, 'mesh visionary functionalities', 'Fusce congue, diam id ornare imperdiet, sapien urna pretium nisl, ut volutpat sapien arcu sed augue.', '10:37');

-- inserts com fk

insert into pagamento (idpagamento, tipo, nome, valor, fk_transacao_idtransacao, codigoadquirente, status) values (1, 'credit_card', 'diners-club-carte-blanche', 486.52, 10.2, 'UW69500056', 'APPROVED');
insert into pagamento (idpagamento, tipo, nome, valor, fk_transacao_idtransacao, codigoadquirente, status) values (2, 'credit_card', 'jcb', 582.18, 13.64, 'MR52040372', 'APPROVED');
insert into pagamento (idpagamento, tipo, nome, valor, fk_transacao_idtransacao, codigoadquirente, status) values (3, 'pix', 'jcb', 678.86, 7.85, 'AV83288121', 'APPROVED');
insert into pagamento (idpagamento, tipo, nome, valor, fk_transacao_idtransacao, codigoadquirente, status) values (4, 'credit_card', 'americanexpress', 734.87, 5.37, 'KL67013989', 'APPROVED');
insert into pagamento (idpagamento, tipo, nome, valor, fk_transacao_idtransacao, codigoadquirente, status) values (5, 'boleto', 'jcb', 160.45, 12.27, 'SE92888281', 'APPROVED');
insert into pagamento (idpagamento, tipo, nome, valor, fk_transacao_idtransacao, codigoadquirente, status) values (6, 'pix', 'jcb', 176.1, 12.25, 'JS52406115', 'APPROVED');
insert into pagamento (idpagamento, tipo, nome, valor, fk_transacao_idtransacao, codigoadquirente, status) values (7, 'boleto', 'visa', 841.7, 9.73, 'KG54861210', 'APPROVED');
insert into pagamento (idpagamento, tipo, nome, valor, fk_transacao_idtransacao, codigoadquirente, status) values (8, 'boleto', 'diners-club-carte-blanche', 722.09, 11.8, 'FB24509120', 'APPROVED');
insert into pagamento (idpagamento, tipo, nome, valor, fk_transacao_idtransacao, codigoadquirente, status) values (9, 'pix', 'jcb', 523.27, 2.79, 'DX40007906', 'APPROVED');
insert into pagamento (idpagamento, tipo, nome, valor, fk_transacao_idtransacao, codigoadquirente, status) values (10, 'pix', 'visa', 44.57, 2.53, 'RL27923237', 'APPROVED');
insert into pagamento (idpagamento, tipo, nome, valor, fk_transacao_idtransacao, codigoadquirente, status) values (11, 'pix', 'jcb', 666.87, 7.41, 'SQ53213931', 'APPROVED');
insert into pagamento (idpagamento, tipo, nome, valor, fk_transacao_idtransacao, codigoadquirente, status) values (12, 'credit_card', 'diners-club-enroute', 157.47, 1.7, 'TQ99233345', 'APPROVED');
insert into pagamento (idpagamento, tipo, nome, valor, fk_transacao_idtransacao, codigoadquirente, status) values (13, 'credit_card', 'bankcard', 316.19, 7.71, 'KI24569537', 'APPROVED');
insert into pagamento (idpagamento, tipo, nome, valor, fk_transacao_idtransacao, codigoadquirente, status) values (14, 'boleto', 'jcb', 632.6, 11.97, 'WK15164597', 'APPROVED');
insert into pagamento (idpagamento, tipo, nome, valor, fk_transacao_idtransacao, codigoadquirente, status) values (15, 'boleto', 'maestro', 100.63, 11.24, 'WW74914401', 'APPROVED');
insert into pagamento (idpagamento, tipo, nome, valor, fk_transacao_idtransacao, codigoadquirente, status) values (16, 'credit_card', 'jcb', 669.97, 7.94, 'BD98463413', 'APPROVED');
insert into pagamento (idpagamento, tipo, nome, valor, fk_transacao_idtransacao, codigoadquirente, status) values (17, 'boleto', 'jcb', 773.69, 12.92, 'YX27867043', 'APPROVED');
insert into pagamento (idpagamento, tipo, nome, valor, fk_transacao_idtransacao, codigoadquirente, status) values (18, 'credit_card', 'jcb', 336.48, 11.3, 'US73398221', 'APPROVED');
insert into pagamento (idpagamento, tipo, nome, valor, fk_transacao_idtransacao, codigoadquirente, status) values (19, 'credit_card', 'maestro', 121.85, 2.41, 'MV83921364', 'APPROVED');
insert into pagamento (idpagamento, tipo, nome, valor, fk_transacao_idtransacao, codigoadquirente, status) values (20, 'boleto', 'china-unionpay', 577.76, 9.0, 'VC19867085', 'APPROVED');
insert into pagamento (idpagamento, tipo, nome, valor, fk_transacao_idtransacao, codigoadquirente, status) values (21, 'pix', 'jcb', 732.34, 8.25, 'WS17538047', 'APPROVED');
insert into pagamento (idpagamento, tipo, nome, valor, fk_transacao_idtransacao, codigoadquirente, status) values (22, 'credit_card', 'jcb', 273.31, 10.56, 'PP39017932', 'APPROVED');

insert into recibo (idrecibo, parcelas, valorparcela, fk_pagamento_idpagamento, Adquirente, CodigoAdquirente, Descricao) values (1, 4, 71.76, 1, 'Skimia', 'XW46004894', 'Etiam faucibus cursus urna.');
insert into recibo (idrecibo, parcelas, valorparcela, fk_pagamento_idpagamento, Adquirente, CodigoAdquirente, Descricao) values (2, 3, 52.57, 2, 'Shufflester', 'IL64450528', 'Mauris sit amet eros.');
insert into recibo (idrecibo, parcelas, valorparcela, fk_pagamento_idpagamento, Adquirente, CodigoAdquirente, Descricao) values (3, 7, 42.42, 3, 'Mudo', 'EB47860197', 'Curabitur at ipsum ac tellus semper interdum.');
insert into recibo (idrecibo, parcelas, valorparcela, fk_pagamento_idpagamento, Adquirente, CodigoAdquirente, Descricao) values (4, 5, 72.95, 4, 'Fatz', 'KO02621313', 'Proin eu mi.');
insert into recibo (idrecibo, parcelas, valorparcela, fk_pagamento_idpagamento, Adquirente, CodigoAdquirente, Descricao) values (5, 7, 38.69, 5, 'Brainverse', 'GF38862400', 'Maecenas tristique, est et tempus semper, est quam pharetra magna, ac consequat metus sapien ut nunc.');
insert into recibo (idrecibo, parcelas, valorparcela, fk_pagamento_idpagamento, Adquirente, CodigoAdquirente, Descricao) values (6, 2, 45.53, 6, 'Thoughtbeat', 'PX65494700', 'Nunc rhoncus dui vel sem.');
insert into recibo (idrecibo, parcelas, valorparcela, fk_pagamento_idpagamento, Adquirente, CodigoAdquirente, Descricao) values (7, 4, 57.65, 7, 'Devbug', 'XC66647815', 'Vestibulum ante ipsum primis in faucibus orci luctus et ultrices posuere cubilia Curae; Donec pharetra, magna vestibulum aliquet ultrices, erat tortor sollicitudin mi, sit amet lobortis sapien sapien non mi.');
insert into recibo (idrecibo, parcelas, valorparcela, fk_pagamento_idpagamento, Adquirente, CodigoAdquirente, Descricao) values (8, 12, 44.38, 8, 'Pixoboo', 'YQ40168706', 'Suspendisse potenti.');
insert into recibo (idrecibo, parcelas, valorparcela, fk_pagamento_idpagamento, Adquirente, CodigoAdquirente, Descricao) values (9, 8, 71.01, 9, 'Meejo', 'HX70113810', 'Proin interdum mauris non ligula pellentesque ultrices.');
insert into recibo (idrecibo, parcelas, valorparcela, fk_pagamento_idpagamento, Adquirente, CodigoAdquirente, Descricao) values (10, 8, 85.36, 10, 'Topiczoom', 'SX75057976', 'Nulla nisl.');
insert into recibo (idrecibo, parcelas, valorparcela, fk_pagamento_idpagamento, Adquirente, CodigoAdquirente, Descricao) values (11, 1, 86.76, 11, 'Skidoo', 'FQ58425155', 'Nullam varius.');
insert into recibo (idrecibo, parcelas, valorparcela, fk_pagamento_idpagamento, Adquirente, CodigoAdquirente, Descricao) values (12, 9, 51.23, 12, 'Fadeo', 'TA86031145', 'Morbi non quam nec dui luctus rutrum.');
insert into recibo (idrecibo, parcelas, valorparcela, fk_pagamento_idpagamento, Adquirente, CodigoAdquirente, Descricao) values (13, 1, 87.58, 13, 'Dynava', 'HU38555385', 'Nullam orci pede, venenatis non, sodales sed, tincidunt eu, felis.');
insert into recibo (idrecibo, parcelas, valorparcela, fk_pagamento_idpagamento, Adquirente, CodigoAdquirente, Descricao) values (14, 3, 77.34, 14, 'Zoomlounge', 'SC45199587', 'In hac habitasse platea dictumst.');
insert into recibo (idrecibo, parcelas, valorparcela, fk_pagamento_idpagamento, Adquirente, CodigoAdquirente, Descricao) values (15, 6, 73.12, 15, 'Feednation', 'JE29639152', 'Fusce consequat.');
insert into recibo (idrecibo, parcelas, valorparcela, fk_pagamento_idpagamento, Adquirente, CodigoAdquirente, Descricao) values (16, 2, 57.61, 16, 'Podcat', 'CT07069187', 'Sed ante.');
insert into recibo (idrecibo, parcelas, valorparcela, fk_pagamento_idpagamento, Adquirente, CodigoAdquirente, Descricao) values (17, 1, 35.01, 17, 'Quinu', 'LU01031861', 'Nunc purus.');
insert into recibo (idrecibo, parcelas, valorparcela, fk_pagamento_idpagamento, Adquirente, CodigoAdquirente, Descricao) values (18, 3, 87.26, 18, 'Teklist', 'LV05545217', 'In hac habitasse platea dictumst.');
insert into recibo (idrecibo, parcelas, valorparcela, fk_pagamento_idpagamento, Adquirente, CodigoAdquirente, Descricao) values (19, 9, 46.41, 19, 'Twitterbridge', 'QK47068300', 'Mauris sit amet eros.');
insert into recibo (idrecibo, parcelas, valorparcela, fk_pagamento_idpagamento, Adquirente, CodigoAdquirente, Descricao) values (20, 12, 38.65, 20, 'Babblestorm', 'EE76417253', 'Maecenas tincidunt lacus at velit.');
insert into recibo (idrecibo, parcelas, valorparcela, fk_pagamento_idpagamento, Adquirente, CodigoAdquirente, Descricao) values (21, 9, 33.12, 21, 'Edgetag', 'QM49688275', 'Aenean sit amet justo.');
insert into recibo (idrecibo, parcelas, valorparcela, fk_pagamento_idpagamento, Adquirente, CodigoAdquirente, Descricao) values (22, 7, 14.2, 22, 'Layo', 'YK63895141', 'Suspendisse accumsan tortor quis turpis.');

insert into taxa (ididtaxa, valor, fk_evento_idevento, fk_transacao_idtransacao) values (1, 15559.42, 6, 1);
insert into taxa (ididtaxa, valor, fk_evento_idevento, fk_transacao_idtransacao) values (2, 54478.89, 7, 44);
insert into taxa (ididtaxa, valor, fk_evento_idevento, fk_transacao_idtransacao) values (3, 57080.11, 3, 57);
insert into taxa (ididtaxa, valor, fk_evento_idevento, fk_transacao_idtransacao) values (4, 46472.86, 1, 18);
insert into taxa (ididtaxa, valor, fk_evento_idevento, fk_transacao_idtransacao) values (5, 54282.93, 10, 30);
insert into taxa (ididtaxa, valor, fk_evento_idevento, fk_transacao_idtransacao) values (6, 4025.64, 8, 53);
insert into taxa (ididtaxa, valor, fk_evento_idevento, fk_transacao_idtransacao) values (7, 51560.55, 5, 29);
insert into taxa (ididtaxa, valor, fk_evento_idevento, fk_transacao_idtransacao) values (8, 53498.59, 4, 37);
insert into taxa (ididtaxa, valor, fk_evento_idevento, fk_transacao_idtransacao) values (9, 19757.79, 7, 47);
insert into taxa (ididtaxa, valor, fk_evento_idevento, fk_transacao_idtransacao) values (10, 5161.97, 6, 44);
insert into taxa (ididtaxa, valor, fk_evento_idevento, fk_transacao_idtransacao) values (11, 57922.86, 7, 37);
insert into taxa (ididtaxa, valor, fk_evento_idevento, fk_transacao_idtransacao) values (12, 3709.56, 5, 15);
insert into taxa (ididtaxa, valor, fk_evento_idevento, fk_transacao_idtransacao) values (13, 36630.64, 8, 59);
insert into taxa (ididtaxa, valor, fk_evento_idevento, fk_transacao_idtransacao) values (14, 55308.28, 1, 47);
insert into taxa (ididtaxa, valor, fk_evento_idevento, fk_transacao_idtransacao) values (15, 11974.14, 3, 57);
insert into taxa (ididtaxa, valor, fk_evento_idevento, fk_transacao_idtransacao) values (16, 23610.22, 6, 59);
insert into taxa (ididtaxa, valor, fk_evento_idevento, fk_transacao_idtransacao) values (17, 15653.76, 6, 3);
insert into taxa (ididtaxa, valor, fk_evento_idevento, fk_transacao_idtransacao) values (18, 29057.36, 10, 35);
insert into taxa (ididtaxa, valor, fk_evento_idevento, fk_transacao_idtransacao) values (19, 18977.0, 3, 21);
insert into taxa (ididtaxa, valor, fk_evento_idevento, fk_transacao_idtransacao) values (20, 9099.0, 2, 47);
insert into taxa (ididtaxa, valor, fk_evento_idevento, fk_transacao_idtransacao) values (21, 29677.24, 10, 60);
insert into taxa (ididtaxa, valor, fk_evento_idevento, fk_transacao_idtransacao) values (22, 57251.57, 2, 46);
insert into taxa (ididtaxa, valor, fk_evento_idevento, fk_transacao_idtransacao) values (23, 9935.3, 7, 24);
insert into taxa (ididtaxa, valor, fk_evento_idevento, fk_transacao_idtransacao) values (24, 17267.06, 8, 58);
insert into taxa (ididtaxa, valor, fk_evento_idevento, fk_transacao_idtransacao) values (25, 2781.53, 3, 40);
insert into taxa (ididtaxa, valor, fk_evento_idevento, fk_transacao_idtransacao) values (26, 25074.09, 9, 19);
insert into taxa (ididtaxa, valor, fk_evento_idevento, fk_transacao_idtransacao) values (27, 43809.28, 4, 35);
insert into taxa (ididtaxa, valor, fk_evento_idevento, fk_transacao_idtransacao) values (28, 53330.85, 7, 13);
insert into taxa (ididtaxa, valor, fk_evento_idevento, fk_transacao_idtransacao) values (29, 24258.47, 1, 16);
insert into taxa (ididtaxa, valor, fk_evento_idevento, fk_transacao_idtransacao) values (30, 53443.53, 6, 32);
insert into taxa (ididtaxa, valor, fk_evento_idevento, fk_transacao_idtransacao) values (31, 32923.35, 1, 26);
insert into taxa (ididtaxa, valor, fk_evento_idevento, fk_transacao_idtransacao) values (32, 47388.35, 4, 48);
insert into taxa (ididtaxa, valor, fk_evento_idevento, fk_transacao_idtransacao) values (33, 40902.54, 3, 6);
insert into taxa (ididtaxa, valor, fk_evento_idevento, fk_transacao_idtransacao) values (34, 52045.64, 9, 20);
insert into taxa (ididtaxa, valor, fk_evento_idevento, fk_transacao_idtransacao) values (35, 42935.44, 4, 62);
insert into taxa (ididtaxa, valor, fk_evento_idevento, fk_transacao_idtransacao) values (36, 23963.84, 4, 48);
insert into taxa (ididtaxa, valor, fk_evento_idevento, fk_transacao_idtransacao) values (37, 9096.15, 5, 4);
insert into taxa (ididtaxa, valor, fk_evento_idevento, fk_transacao_idtransacao) values (38, 20796.44, 2, 48);
insert into taxa (ididtaxa, valor, fk_evento_idevento, fk_transacao_idtransacao) values (39, 14703.92, 6, 47);
insert into taxa (ididtaxa, valor, fk_evento_idevento, fk_transacao_idtransacao) values (40, 40055.92, 5, 49);
insert into taxa (ididtaxa, valor, fk_evento_idevento, fk_transacao_idtransacao) values (41, 21769.36, 8, 59);
insert into taxa (ididtaxa, valor, fk_evento_idevento, fk_transacao_idtransacao) values (42, 34320.36, 2, 61);
insert into taxa (ididtaxa, valor, fk_evento_idevento, fk_transacao_idtransacao) values (43, 57278.6, 7, 23);
insert into taxa (ididtaxa, valor, fk_evento_idevento, fk_transacao_idtransacao) values (44, 11464.07, 3, 22);
insert into taxa (ididtaxa, valor, fk_evento_idevento, fk_transacao_idtransacao) values (45, 3459.74, 6, 57);
insert into taxa (ididtaxa, valor, fk_evento_idevento, fk_transacao_idtransacao) values (46, 46467.8, 1, 49);
insert into taxa (ididtaxa, valor, fk_evento_idevento, fk_transacao_idtransacao) values (47, 17615.54, 1, 36);
insert into taxa (ididtaxa, valor, fk_evento_idevento, fk_transacao_idtransacao) values (48, 52061.39, 6, 39);
insert into taxa (ididtaxa, valor, fk_evento_idevento, fk_transacao_idtransacao) values (49, 14807.65, 7, 6);
insert into taxa (ididtaxa, valor, fk_evento_idevento, fk_transacao_idtransacao) values (50, 39862.88, 1, 62);
insert into taxa (ididtaxa, valor, fk_evento_idevento, fk_transacao_idtransacao) values (51, 28638.79, 1, 37);
insert into taxa (ididtaxa, valor, fk_evento_idevento, fk_transacao_idtransacao) values (52, 49304.61, 7, 56);
insert into taxa (ididtaxa, valor, fk_evento_idevento, fk_transacao_idtransacao) values (53, 56016.16, 1, 2);
insert into taxa (ididtaxa, valor, fk_evento_idevento, fk_transacao_idtransacao) values (54, 15457.57, 8, 28);
insert into taxa (ididtaxa, valor, fk_evento_idevento, fk_transacao_idtransacao) values (55, 4944.31, 10, 40);
insert into taxa (ididtaxa, valor, fk_evento_idevento, fk_transacao_idtransacao) values (56, 14992.2, 1, 2);
insert into taxa (ididtaxa, valor, fk_evento_idevento, fk_transacao_idtransacao) values (57, 37425.26, 3, 26);
insert into taxa (ididtaxa, valor, fk_evento_idevento, fk_transacao_idtransacao) values (58, 21431.15, 8, 36);
insert into taxa (ididtaxa, valor, fk_evento_idevento, fk_transacao_idtransacao) values (59, 29338.57, 8, 41);
insert into taxa (ididtaxa, valor, fk_evento_idevento, fk_transacao_idtransacao) values (60, 23937.85, 2, 61);
insert into taxa (ididtaxa, valor, fk_evento_idevento, fk_transacao_idtransacao) values (61, 46235.17, 5, 2);
insert into taxa (ididtaxa, valor, fk_evento_idevento, fk_transacao_idtransacao) values (62, 32027.01, 5, 21);
insert into taxa (ididtaxa, valor, fk_evento_idevento, fk_transacao_idtransacao) values (63, 19771.69, 6, 50);
insert into taxa (ididtaxa, valor, fk_evento_idevento, fk_transacao_idtransacao) values (64, 15001.65, 2, 7);
insert into taxa (ididtaxa, valor, fk_evento_idevento, fk_transacao_idtransacao) values (65, 7447.79, 2, 25);
insert into taxa (ididtaxa, valor, fk_evento_idevento, fk_transacao_idtransacao) values (66, 29274.96, 9, 48);
insert into taxa (ididtaxa, valor, fk_evento_idevento, fk_transacao_idtransacao) values (67, 38707.82, 4, 63);
insert into taxa (ididtaxa, valor, fk_evento_idevento, fk_transacao_idtransacao) values (68, 8847.62, 8, 4);
insert into taxa (ididtaxa, valor, fk_evento_idevento, fk_transacao_idtransacao) values (69, 30139.07, 3, 52);
insert into taxa (ididtaxa, valor, fk_evento_idevento, fk_transacao_idtransacao) values (70, 16013.27, 10, 56);
insert into taxa (ididtaxa, valor, fk_evento_idevento, fk_transacao_idtransacao) values (71, 8710.56, 8, 5);
insert into taxa (ididtaxa, valor, fk_evento_idevento, fk_transacao_idtransacao) values (72, 54151.62, 7, 16);
insert into taxa (ididtaxa, valor, fk_evento_idevento, fk_transacao_idtransacao) values (73, 7340.25, 8, 5);
insert into taxa (ididtaxa, valor, fk_evento_idevento, fk_transacao_idtransacao) values (74, 30290.88, 7, 25);
insert into taxa (ididtaxa, valor, fk_evento_idevento, fk_transacao_idtransacao) values (75, 25051.49, 5, 45);
insert into taxa (ididtaxa, valor, fk_evento_idevento, fk_transacao_idtransacao) values (76, 43352.55, 1, 17);
insert into taxa (ididtaxa, valor, fk_evento_idevento, fk_transacao_idtransacao) values (77, 30928.41, 10, 13);
insert into taxa (ididtaxa, valor, fk_evento_idevento, fk_transacao_idtransacao) values (78, 18299.33, 10, 2);
insert into taxa (ididtaxa, valor, fk_evento_idevento, fk_transacao_idtransacao) values (79, 5810.95, 7, 29);
insert into taxa (ididtaxa, valor, fk_evento_idevento, fk_transacao_idtransacao) values (80, 14034.03, 6, 35);
insert into taxa (ididtaxa, valor, fk_evento_idevento, fk_transacao_idtransacao) values (81, 7943.9, 3, 6);
insert into taxa (ididtaxa, valor, fk_evento_idevento, fk_transacao_idtransacao) values (82, 8553.23, 6, 63);
insert into taxa (ididtaxa, valor, fk_evento_idevento, fk_transacao_idtransacao) values (83, 35305.96, 2, 63);
insert into taxa (ididtaxa, valor, fk_evento_idevento, fk_transacao_idtransacao) values (84, 45476.65, 9, 18);
insert into taxa (ididtaxa, valor, fk_evento_idevento, fk_transacao_idtransacao) values (85, 37634.48, 3, 45);
insert into taxa (ididtaxa, valor, fk_evento_idevento, fk_transacao_idtransacao) values (86, 37507.53, 10, 64);
insert into taxa (ididtaxa, valor, fk_evento_idevento, fk_transacao_idtransacao) values (87, 48729.36, 3, 57);
insert into taxa (ididtaxa, valor, fk_evento_idevento, fk_transacao_idtransacao) values (88, 47207.22, 9, 41);
insert into taxa (ididtaxa, valor, fk_evento_idevento, fk_transacao_idtransacao) values (89, 9374.25, 4, 33);
insert into taxa (ididtaxa, valor, fk_evento_idevento, fk_transacao_idtransacao) values (90, 32664.93, 1, 37);
insert into taxa (ididtaxa, valor, fk_evento_idevento, fk_transacao_idtransacao) values (91, 13597.53, 8, 55);
insert into taxa (ididtaxa, valor, fk_evento_idevento, fk_transacao_idtransacao) values (92, 31657.13, 3, 56);
insert into taxa (ididtaxa, valor, fk_evento_idevento, fk_transacao_idtransacao) values (93, 16515.7, 1, 32);
insert into taxa (ididtaxa, valor, fk_evento_idevento, fk_transacao_idtransacao) values (94, 24936.63, 7, 3);
insert into taxa (ididtaxa, valor, fk_evento_idevento, fk_transacao_idtransacao) values (95, 25135.78, 6, 53);
insert into taxa (ididtaxa, valor, fk_evento_idevento, fk_transacao_idtransacao) values (96, 15500.01, 2, 26);
insert into taxa (ididtaxa, valor, fk_evento_idevento, fk_transacao_idtransacao) values (97, 4860.73, 1, 39);
insert into taxa (ididtaxa, valor, fk_evento_idevento, fk_transacao_idtransacao) values (98, 23806.62, 9, 4);
insert into taxa (ididtaxa, valor, fk_evento_idevento, fk_transacao_idtransacao) values (99, 7584.33, 6, 1);
insert into taxa (ididtaxa, valor, fk_evento_idevento, fk_transacao_idtransacao) values (100, 45409.86, 1, 24);

insert into taxaempresa (descricao, categoria, fk_taxa_idtaxa, fk_pacote_idpacote) values ('Vivamus metus arcu, adipiscing molestie, hendrerit at, vulputate vitae, nisl.', 'institucional', 1, 4);
insert into taxaempresa (descricao, categoria, fk_taxa_idtaxa, fk_pacote_idpacote) values ('Cras pellentesque volutpat dui.', 'hibrido', 2, 2);
insert into taxaempresa (descricao, categoria, fk_taxa_idtaxa, fk_pacote_idpacote) values ('Vestibulum ante ipsum primis in faucibus orci luctus et ultrices posuere cubilia Curae; Mauris viverra diam vitae quam.', 'institucional', 3, 4);
insert into taxaempresa (descricao, categoria, fk_taxa_idtaxa, fk_pacote_idpacote) values ('Nam nulla.', 'promocional', 4, 1);
insert into taxaempresa (descricao, categoria, fk_taxa_idtaxa, fk_pacote_idpacote) values ('Fusce lacus purus, aliquet at, feugiat non, pretium quis, lectus.', 'promocional', 5, 3);
insert into taxaempresa (descricao, categoria, fk_taxa_idtaxa, fk_pacote_idpacote) values ('Sed accumsan felis.', 'hibrido', 6, 3);
insert into taxaempresa (descricao, categoria, fk_taxa_idtaxa, fk_pacote_idpacote) values ('Duis ac nibh.', 'promocional', 7, 6);
insert into taxaempresa (descricao, categoria, fk_taxa_idtaxa, fk_pacote_idpacote) values ('Suspendisse potenti.', 'promocional', 8, 2);
insert into taxaempresa (descricao, categoria, fk_taxa_idtaxa, fk_pacote_idpacote) values ('Aliquam quis turpis eget elit sodales scelerisque.', 'promocional', 9, 3);
insert into taxaempresa (descricao, categoria, fk_taxa_idtaxa, fk_pacote_idpacote) values ('Duis bibendum, felis sed interdum venenatis, turpis enim blandit mi, in porttitor pede justo eu massa.', 'promocional', 10, 3);
insert into taxaempresa (descricao, categoria, fk_taxa_idtaxa, fk_pacote_idpacote) values ('Mauris lacinia sapien quis libero.', 'hibrido', 11, 2);
insert into taxaempresa (descricao, categoria, fk_taxa_idtaxa, fk_pacote_idpacote) values ('Praesent id massa id nisl venenatis lacinia.', 'institucional', 12, 3);
insert into taxaempresa (descricao, categoria, fk_taxa_idtaxa, fk_pacote_idpacote) values ('Integer aliquet, massa id lobortis convallis, tortor risus dapibus augue, vel accumsan tellus nisi eu orci.', 'hibrido', 13, 5);
insert into taxaempresa (descricao, categoria, fk_taxa_idtaxa, fk_pacote_idpacote) values ('Maecenas rhoncus aliquam lacus.', 'promocional', 14, 2);
insert into taxaempresa (descricao, categoria, fk_taxa_idtaxa, fk_pacote_idpacote) values ('Aenean lectus.', 'promocional', 15, 2);
insert into taxaempresa (descricao, categoria, fk_taxa_idtaxa, fk_pacote_idpacote) values ('Vestibulum sed magna at nunc commodo placerat.', 'promocional', 16, 4);
insert into taxaempresa (descricao, categoria, fk_taxa_idtaxa, fk_pacote_idpacote) values ('Nulla facilisi.', 'promocional', 17, 2);
insert into taxaempresa (descricao, categoria, fk_taxa_idtaxa, fk_pacote_idpacote) values ('In est risus, auctor sed, tristique in, tempus sit amet, sem.', 'institucional', 18, 4);
insert into taxaempresa (descricao, categoria, fk_taxa_idtaxa, fk_pacote_idpacote) values ('Donec posuere metus vitae ipsum.', 'promocional', 19, 2);
insert into taxaempresa (descricao, categoria, fk_taxa_idtaxa, fk_pacote_idpacote) values ('Duis ac nibh.', 'hibrido', 20, 2);
insert into taxaempresa (descricao, categoria, fk_taxa_idtaxa, fk_pacote_idpacote) values ('Integer ac neque.', 'promocional', 21, 2);
insert into taxaempresa (descricao, categoria, fk_taxa_idtaxa, fk_pacote_idpacote) values ('In quis justo.', 'hibrido', 22, 1);
insert into taxaempresa (descricao, categoria, fk_taxa_idtaxa, fk_pacote_idpacote) values ('Nulla mollis molestie lorem.', 'promocional', 23, 1);
insert into taxaempresa (descricao, categoria, fk_taxa_idtaxa, fk_pacote_idpacote) values ('Vestibulum rutrum rutrum neque.', 'promocional', 24, 5);
insert into taxaempresa (descricao, categoria, fk_taxa_idtaxa, fk_pacote_idpacote) values ('Vivamus in felis eu sapien cursus vestibulum.', 'hibrido', 25, 3);

insert into ingresso (fk_taxa_idtaxa, numero, lote) values (26, 100, 5);
insert into ingresso (fk_taxa_idtaxa, numero, lote) values (27, 109, 2);
insert into ingresso (fk_taxa_idtaxa, numero, lote) values (28, 118, 1);
insert into ingresso (fk_taxa_idtaxa, numero, lote) values (29, 127, 5);
insert into ingresso (fk_taxa_idtaxa, numero, lote) values (30, 136, 3);
insert into ingresso (fk_taxa_idtaxa, numero, lote) values (31, 145, 6);
insert into ingresso (fk_taxa_idtaxa, numero, lote) values (32, 154, 4);
insert into ingresso (fk_taxa_idtaxa, numero, lote) values (33, 163, 6);
insert into ingresso (fk_taxa_idtaxa, numero, lote) values (34, 172, 5);
insert into ingresso (fk_taxa_idtaxa, numero, lote) values (35, 181, 1);
insert into ingresso (fk_taxa_idtaxa, numero, lote) values (36, 190, 6);
insert into ingresso (fk_taxa_idtaxa, numero, lote) values (37, 199, 4);
insert into ingresso (fk_taxa_idtaxa, numero, lote) values (38, 208, 2);
insert into ingresso (fk_taxa_idtaxa, numero, lote) values (39, 217, 3);
insert into ingresso (fk_taxa_idtaxa, numero, lote) values (40, 226, 1);
insert into ingresso (fk_taxa_idtaxa, numero, lote) values (41, 235, 5);
insert into ingresso (fk_taxa_idtaxa, numero, lote) values (42, 244, 3);
insert into ingresso (fk_taxa_idtaxa, numero, lote) values (43, 253, 5);
insert into ingresso (fk_taxa_idtaxa, numero, lote) values (44, 262, 2);
insert into ingresso (fk_taxa_idtaxa, numero, lote) values (45, 271, 4);
insert into ingresso (fk_taxa_idtaxa, numero, lote) values (46, 280, 6);
insert into ingresso (fk_taxa_idtaxa, numero, lote) values (47, 289, 5);
insert into ingresso (fk_taxa_idtaxa, numero, lote) values (48, 298, 6);
insert into ingresso (fk_taxa_idtaxa, numero, lote) values (49, 307, 1);
insert into ingresso (fk_taxa_idtaxa, numero, lote) values (50, 316, 3);
insert into ingresso (fk_taxa_idtaxa, numero, lote) values (51, 325, 2);
insert into ingresso (fk_taxa_idtaxa, numero, lote) values (52, 334, 5);
insert into ingresso (fk_taxa_idtaxa, numero, lote) values (53, 343, 2);
insert into ingresso (fk_taxa_idtaxa, numero, lote) values (54, 352, 2);
insert into ingresso (fk_taxa_idtaxa, numero, lote) values (55, 361, 1);
insert into ingresso (fk_taxa_idtaxa, numero, lote) values (56, 370, 1);
insert into ingresso (fk_taxa_idtaxa, numero, lote) values (57, 379, 2);
insert into ingresso (fk_taxa_idtaxa, numero, lote) values (58, 388, 3);
insert into ingresso (fk_taxa_idtaxa, numero, lote) values (59, 397, 4);
insert into ingresso (fk_taxa_idtaxa, numero, lote) values (60, 406, 1);
insert into ingresso (fk_taxa_idtaxa, numero, lote) values (61, 415, 2);
insert into ingresso (fk_taxa_idtaxa, numero, lote) values (62, 424, 1);
insert into ingresso (fk_taxa_idtaxa, numero, lote) values (63, 433, 2);
insert into ingresso (fk_taxa_idtaxa, numero, lote) values (64, 442, 2);
insert into ingresso (fk_taxa_idtaxa, numero, lote) values (65, 451, 4);
insert into ingresso (fk_taxa_idtaxa, numero, lote) values (66, 460, 6);
insert into ingresso (fk_taxa_idtaxa, numero, lote) values (67, 469, 3);
insert into ingresso (fk_taxa_idtaxa, numero, lote) values (68, 478, 1);
insert into ingresso (fk_taxa_idtaxa, numero, lote) values (69, 487, 1);
insert into ingresso (fk_taxa_idtaxa, numero, lote) values (70, 496, 2);
insert into ingresso (fk_taxa_idtaxa, numero, lote) values (71, 505, 5);
insert into ingresso (fk_taxa_idtaxa, numero, lote) values (72, 514, 5);
insert into ingresso (fk_taxa_idtaxa, numero, lote) values (73, 523, 3);
insert into ingresso (fk_taxa_idtaxa, numero, lote) values (74, 532, 1);
insert into ingresso (fk_taxa_idtaxa, numero, lote) values (75, 541, 3);
insert into ingresso (fk_taxa_idtaxa, numero, lote) values (76, 550, 4);
insert into ingresso (fk_taxa_idtaxa, numero, lote) values (77, 559, 1);
insert into ingresso (fk_taxa_idtaxa, numero, lote) values (78, 568, 3);
insert into ingresso (fk_taxa_idtaxa, numero, lote) values (79, 577, 1);
insert into ingresso (fk_taxa_idtaxa, numero, lote) values (80, 586, 5);
insert into ingresso (fk_taxa_idtaxa, numero, lote) values (81, 595, 3);
insert into ingresso (fk_taxa_idtaxa, numero, lote) values (82, 604, 6);
insert into ingresso (fk_taxa_idtaxa, numero, lote) values (83, 613, 5);
insert into ingresso (fk_taxa_idtaxa, numero, lote) values (84, 622, 1);
insert into ingresso (fk_taxa_idtaxa, numero, lote) values (85, 631, 4);
insert into ingresso (fk_taxa_idtaxa, numero, lote) values (86, 640, 1);
insert into ingresso (fk_taxa_idtaxa, numero, lote) values (87, 649, 2);
insert into ingresso (fk_taxa_idtaxa, numero, lote) values (88, 658, 4);
insert into ingresso (fk_taxa_idtaxa, numero, lote) values (89, 667, 5);
insert into ingresso (fk_taxa_idtaxa, numero, lote) values (90, 676, 3);
insert into ingresso (fk_taxa_idtaxa, numero, lote) values (91, 685, 2);
insert into ingresso (fk_taxa_idtaxa, numero, lote) values (92, 694, 2);
insert into ingresso (fk_taxa_idtaxa, numero, lote) values (93, 703, 2);
insert into ingresso (fk_taxa_idtaxa, numero, lote) values (94, 712, 6);
insert into ingresso (fk_taxa_idtaxa, numero, lote) values (95, 721, 5);
insert into ingresso (fk_taxa_idtaxa, numero, lote) values (96, 730, 4);
insert into ingresso (fk_taxa_idtaxa, numero, lote) values (97, 739, 4);
insert into ingresso (fk_taxa_idtaxa, numero, lote) values (98, 748, 2);
insert into ingresso (fk_taxa_idtaxa, numero, lote) values (99, 757, 4);
insert into ingresso (fk_taxa_idtaxa, numero, lote) values (100, 766, 5);

insert into toca (fk_localfisico_fk_plataforma_idplataforma, fk_playlist_idplaylist) values (9, 4);
insert into toca (fk_localfisico_fk_plataforma_idplataforma, fk_playlist_idplaylist) values (10, 2);
insert into toca (fk_localfisico_fk_plataforma_idplataforma, fk_playlist_idplaylist) values (1, 4);
insert into toca (fk_localfisico_fk_plataforma_idplataforma, fk_playlist_idplaylist) values (1, 1);
insert into toca (fk_localfisico_fk_plataforma_idplataforma, fk_playlist_idplaylist) values (7, 5);
insert into toca (fk_localfisico_fk_plataforma_idplataforma, fk_playlist_idplaylist) values (2, 1);
insert into toca (fk_localfisico_fk_plataforma_idplataforma, fk_playlist_idplaylist) values (8, 1);
insert into toca (fk_localfisico_fk_plataforma_idplataforma, fk_playlist_idplaylist) values (5, 4);
insert into toca (fk_localfisico_fk_plataforma_idplataforma, fk_playlist_idplaylist) values (1, 1);
insert into toca (fk_localfisico_fk_plataforma_idplataforma, fk_playlist_idplaylist) values (1, 2);
insert into toca (fk_localfisico_fk_plataforma_idplataforma, fk_playlist_idplaylist) values (8, 2);
insert into toca (fk_localfisico_fk_plataforma_idplataforma, fk_playlist_idplaylist) values (6, 6);
insert into toca (fk_localfisico_fk_plataforma_idplataforma, fk_playlist_idplaylist) values (6, 5);
insert into toca (fk_localfisico_fk_plataforma_idplataforma, fk_playlist_idplaylist) values (9, 5);
insert into toca (fk_localfisico_fk_plataforma_idplataforma, fk_playlist_idplaylist) values (6, 2);

insert into transacao (idtransacao, valortotal, statustransacao, fk_pessoa_idpessoa) values (1, 7429.95, 'aprovada', 27);
insert into transacao (idtransacao, valortotal, statustransacao, fk_pessoa_idpessoa) values (2, 8106.58, 'aprovada', 19);
insert into transacao (idtransacao, valortotal, statustransacao, fk_pessoa_idpessoa) values (3, 1851.19, 'aprovada', 17);
insert into transacao (idtransacao, valortotal, statustransacao, fk_pessoa_idpessoa) values (4, 9670.44, 'aprovada', 3);
insert into transacao (idtransacao, valortotal, statustransacao, fk_pessoa_idpessoa) values (5, 8124.73, 'aprovada', 4);
insert into transacao (idtransacao, valortotal, statustransacao, fk_pessoa_idpessoa) values (6, 8978.74, 'aprovada', 13);
insert into transacao (idtransacao, valortotal, statustransacao, fk_pessoa_idpessoa) values (7, 1234.21, 'aprovada', 23);
insert into transacao (idtransacao, valortotal, statustransacao, fk_pessoa_idpessoa) values (8, 95.74, 'aprovada', 1);
insert into transacao (idtransacao, valortotal, statustransacao, fk_pessoa_idpessoa) values (9, 7860.76, 'aprovada', 2);
insert into transacao (idtransacao, valortotal, statustransacao, fk_pessoa_idpessoa) values (10, 4106.48, 'aprovada', 23);
insert into transacao (idtransacao, valortotal, statustransacao, fk_pessoa_idpessoa) values (11, 4384.96, 'aprovada', 18);
insert into transacao (idtransacao, valortotal, statustransacao, fk_pessoa_idpessoa) values (12, 2461.3, 'aprovada', 15);
insert into transacao (idtransacao, valortotal, statustransacao, fk_pessoa_idpessoa) values (13, 8283.73, 'aprovada', 22);
insert into transacao (idtransacao, valortotal, statustransacao, fk_pessoa_idpessoa) values (14, 11513.38, 'aprovada', 20);
insert into transacao (idtransacao, valortotal, statustransacao, fk_pessoa_idpessoa) values (15, 10741.79, 'aprovada', 28);
insert into transacao (idtransacao, valortotal, statustransacao, fk_pessoa_idpessoa) values (16, 8923.49, 'aprovada', 24);
insert into transacao (idtransacao, valortotal, statustransacao, fk_pessoa_idpessoa) values (17, 8289.82, 'aprovada', 5);
insert into transacao (idtransacao, valortotal, statustransacao, fk_pessoa_idpessoa) values (18, 4917.99, 'aprovada', 30);
insert into transacao (idtransacao, valortotal, statustransacao, fk_pessoa_idpessoa) values (19, 7181.1, 'aprovada', 7);
insert into transacao (idtransacao, valortotal, statustransacao, fk_pessoa_idpessoa) values (20, 10401.52, 'aprovada', 3);
insert into transacao (idtransacao, valortotal, statustransacao, fk_pessoa_idpessoa) values (21, 5209.59, 'aprovada', 18);
insert into transacao (idtransacao, valortotal, statustransacao, fk_pessoa_idpessoa) values (22, 6988.27, 'aprovada', 22);
insert into transacao (idtransacao, valortotal, statustransacao, fk_pessoa_idpessoa) values (23, 3025.98, 'aprovada', 10);
insert into transacao (idtransacao, valortotal, statustransacao, fk_pessoa_idpessoa) values (24, 5570.05, 'aprovada', 6);
insert into transacao (idtransacao, valortotal, statustransacao, fk_pessoa_idpessoa) values (25, 7891.09, 'aprovada', 19);
insert into transacao (idtransacao, valortotal, statustransacao, fk_pessoa_idpessoa) values (26, 2026.95, 'aprovada', 29);
insert into transacao (idtransacao, valortotal, statustransacao, fk_pessoa_idpessoa) values (27, 5267.31, 'aprovada', 6);
insert into transacao (idtransacao, valortotal, statustransacao, fk_pessoa_idpessoa) values (28, 5696.09, 'aprovada', 10);
insert into transacao (idtransacao, valortotal, statustransacao, fk_pessoa_idpessoa) values (29, 2480.51, 'aprovada', 8);
insert into transacao (idtransacao, valortotal, statustransacao, fk_pessoa_idpessoa) values (30, 4485.8, 'aprovada', 22);
insert into transacao (idtransacao, valortotal, statustransacao, fk_pessoa_idpessoa) values (31, 11336.96, 'aprovada', 15);
insert into transacao (idtransacao, valortotal, statustransacao, fk_pessoa_idpessoa) values (32, 6150.43, 'aprovada', 22);
insert into transacao (idtransacao, valortotal, statustransacao, fk_pessoa_idpessoa) values (33, 5324.28, 'aprovada', 25);
insert into transacao (idtransacao, valortotal, statustransacao, fk_pessoa_idpessoa) values (34, 11039.38, 'aprovada', 30);
insert into transacao (idtransacao, valortotal, statustransacao, fk_pessoa_idpessoa) values (35, 737.31, 'aprovada', 1);
insert into transacao (idtransacao, valortotal, statustransacao, fk_pessoa_idpessoa) values (36, 2803.3, 'aprovada', 5);
insert into transacao (idtransacao, valortotal, statustransacao, fk_pessoa_idpessoa) values (37, 3108.46, 'aprovada', 18);
insert into transacao (idtransacao, valortotal, statustransacao, fk_pessoa_idpessoa) values (38, 10127.82, 'aprovada', 8);
insert into transacao (idtransacao, valortotal, statustransacao, fk_pessoa_idpessoa) values (39, 4248.05, 'aprovada', 28);
insert into transacao (idtransacao, valortotal, statustransacao, fk_pessoa_idpessoa) values (40, 5604.48, 'aprovada', 11);
insert into transacao (idtransacao, valortotal, statustransacao, fk_pessoa_idpessoa) values (41, 1024.12, 'aprovada', 18);
insert into transacao (idtransacao, valortotal, statustransacao, fk_pessoa_idpessoa) values (42, 1097.01, 'aprovada', 18);
insert into transacao (idtransacao, valortotal, statustransacao, fk_pessoa_idpessoa) values (43, 1665.03, 'aprovada', 8);
insert into transacao (idtransacao, valortotal, statustransacao, fk_pessoa_idpessoa) values (44, 8122.38, 'aprovada', 24);
insert into transacao (idtransacao, valortotal, statustransacao, fk_pessoa_idpessoa) values (45, 10517.6, 'aprovada', 30);
insert into transacao (idtransacao, valortotal, statustransacao, fk_pessoa_idpessoa) values (46, 4547.82, 'aprovada', 13);
insert into transacao (idtransacao, valortotal, statustransacao, fk_pessoa_idpessoa) values (47, 9693.89, 'aprovada', 16);
insert into transacao (idtransacao, valortotal, statustransacao, fk_pessoa_idpessoa) values (48, 4162.44, 'aprovada', 21);
insert into transacao (idtransacao, valortotal, statustransacao, fk_pessoa_idpessoa) values (49, 6674.46, 'aprovada', 11);
insert into transacao (idtransacao, valortotal, statustransacao, fk_pessoa_idpessoa) values (50, 10035.81, 'aprovada', 16);
insert into transacao (idtransacao, valortotal, statustransacao, fk_pessoa_idpessoa) values (51, 8874.63, 'aprovada', 27);
insert into transacao (idtransacao, valortotal, statustransacao, fk_pessoa_idpessoa) values (52, 2992.45, 'aprovada', 13);
insert into transacao (idtransacao, valortotal, statustransacao, fk_pessoa_idpessoa) values (53, 7262.46, 'aprovada', 10);
insert into transacao (idtransacao, valortotal, statustransacao, fk_pessoa_idpessoa) values (54, 2780.45, 'aprovada', 6);
insert into transacao (idtransacao, valortotal, statustransacao, fk_pessoa_idpessoa) values (55, 3769.54, 'aprovada', 6);
insert into transacao (idtransacao, valortotal, statustransacao, fk_pessoa_idpessoa) values (56, 2707.83, 'aprovada', 19);
insert into transacao (idtransacao, valortotal, statustransacao, fk_pessoa_idpessoa) values (57, 3886.11, 'aprovada', 14);
insert into transacao (idtransacao, valortotal, statustransacao, fk_pessoa_idpessoa) values (58, 9852.78, 'aprovada', 25);
insert into transacao (idtransacao, valortotal, statustransacao, fk_pessoa_idpessoa) values (59, 11348.67, 'aprovada', 22);
insert into transacao (idtransacao, valortotal, statustransacao, fk_pessoa_idpessoa) values (60, 623.93, 'aprovada', 11);
insert into transacao (idtransacao, valortotal, statustransacao, fk_pessoa_idpessoa) values (61, 3907.44, 'aprovada', 28);
insert into transacao (idtransacao, valortotal, statustransacao, fk_pessoa_idpessoa) values (62, 2243.14, 'aprovada', 16);
insert into transacao (idtransacao, valortotal, statustransacao, fk_pessoa_idpessoa) values (63, 10173.76, 'aprovada', 8);
insert into transacao (idtransacao, valortotal, statustransacao, fk_pessoa_idpessoa) values (64, 8397.73, 'aprovada', 14);
insert into transacao (idtransacao, valortotal, statustransacao, fk_pessoa_idpessoa) values (65, 9803.55, 'aprovada', 28);

insert into notafiscal (idnotafiscal, valortotal, data, chavedeacesso, fk_transacao_idtransacao, itens, cfop, numero, valorimposto) values (1, 8284.19, '2019-09-20', '982696487261166754876707594448147', 1, 'Integer aliquet, massa id lobortis convallis, tortor risus dapibus augue, vel accumsan tellus nisi eu orci.', '5102', 1857, 8.48);
insert into notafiscal (idnotafiscal, valortotal, data, chavedeacesso, fk_transacao_idtransacao, itens, cfop, numero, valorimposto) values (2, 263.25, '2020-01-30', '500768851124332806116975289055226', 2, 'Duis bibendum, felis sed interdum venenatis, turpis enim blandit mi, in porttitor pede justo eu massa.', '5102', 1643, 10.71);
insert into notafiscal (idnotafiscal, valortotal, data, chavedeacesso, fk_transacao_idtransacao, itens, cfop, numero, valorimposto) values (3, 14166.29, '2020-07-07', '441867848269399444127395829352118', 3, 'Maecenas ut massa quis augue luctus tincidunt.', '5102', 1623, 16.89);
insert into notafiscal (idnotafiscal, valortotal, data, chavedeacesso, fk_transacao_idtransacao, itens, cfop, numero, valorimposto) values (4, 8696.93, '2020-11-10', '787838694720399968524879711689453', 4, 'Curabitur convallis.', '5102', 1309, 11.27);
insert into notafiscal (idnotafiscal, valortotal, data, chavedeacesso, fk_transacao_idtransacao, itens, cfop, numero, valorimposto) values (5, 6959.39, '2020-08-24', '159422192478573150887866889825926', 5, 'Donec semper sapien a libero.', '5102', 1454, 13.86);
insert into notafiscal (idnotafiscal, valortotal, data, chavedeacesso, fk_transacao_idtransacao, itens, cfop, numero, valorimposto) values (6, 18838.52, '2019-08-18', '504846336487642374080836430767777', 6, 'Phasellus sit amet erat.', '5102', 1975, 18.47);
insert into notafiscal (idnotafiscal, valortotal, data, chavedeacesso, fk_transacao_idtransacao, itens, cfop, numero, valorimposto) values (7, 4175.91, '2019-07-06', '968071995879037059668030394084589', 7, 'Nam nulla.', '5102', 2160, 8.81);
insert into notafiscal (idnotafiscal, valortotal, data, chavedeacesso, fk_transacao_idtransacao, itens, cfop, numero, valorimposto) values (8, 13707.72, '2020-03-04', '530279522684696592805511363020866', 8, 'Morbi non quam nec dui luctus rutrum.', '5102', 1623, 18.77);
insert into notafiscal (idnotafiscal, valortotal, data, chavedeacesso, fk_transacao_idtransacao, itens, cfop, numero, valorimposto) values (9, 1890.11, '2020-01-27', '162256316503619557004785258197006', 9, 'Nullam molestie nibh in lectus.', '5102', 2483, 17.93);
insert into notafiscal (idnotafiscal, valortotal, data, chavedeacesso, fk_transacao_idtransacao, itens, cfop, numero, valorimposto) values (10, 9289.54, '2019-04-10', '017957232858029056213329384065398', 10, 'Vivamus tortor.', '5102', 2350, 17.11);
insert into notafiscal (idnotafiscal, valortotal, data, chavedeacesso, fk_transacao_idtransacao, itens, cfop, numero, valorimposto) values (11, 12751.21, '2019-10-08', '160456360517629581665971905487971', 11, 'Suspendisse accumsan tortor quis turpis.', '5102', 1255, 24.57);
insert into notafiscal (idnotafiscal, valortotal, data, chavedeacesso, fk_transacao_idtransacao, itens, cfop, numero, valorimposto) values (12, 6682.71, '2020-02-05', '479278031048354985617819778737215', 12, 'Aliquam erat volutpat.', '5102', 1056, 13.39);
insert into notafiscal (idnotafiscal, valortotal, data, chavedeacesso, fk_transacao_idtransacao, itens, cfop, numero, valorimposto) values (13, 19775.82, '2019-11-27', '745230980365683331511967789740905', 13, 'In hac habitasse platea dictumst.', '5102', 1612, 17.66);
insert into notafiscal (idnotafiscal, valortotal, data, chavedeacesso, fk_transacao_idtransacao, itens, cfop, numero, valorimposto) values (14, 16085.74, '2020-09-23', '466713839068578510511076410266516', 14, 'Nam ultrices, libero non mattis pulvinar, nulla pede ullamcorper augue, a suscipit nulla elit ac nulla.', '5102', 1410, 6.4);
insert into notafiscal (idnotafiscal, valortotal, data, chavedeacesso, fk_transacao_idtransacao, itens, cfop, numero, valorimposto) values (15, 10188.12, '2019-01-12', '914153340693388409400090791971083', 15, 'Lorem ipsum dolor sit amet, consectetuer adipiscing elit.', '5102', 1832, 23.33);
insert into notafiscal (idnotafiscal, valortotal, data, chavedeacesso, fk_transacao_idtransacao, itens, cfop, numero, valorimposto) values (16, 11724.6, '2020-01-02', '046863001953220698359803100708002', 16, 'Vestibulum ante ipsum primis in faucibus orci luctus et ultrices posuere cubilia Curae; Nulla dapibus dolor vel est.', '5102', 2044, 12.47);
insert into notafiscal (idnotafiscal, valortotal, data, chavedeacesso, fk_transacao_idtransacao, itens, cfop, numero, valorimposto) values (17, 8325.3, '2019-11-22', '255304779410228709320586744015666', 17, 'Duis mattis egestas metus.', '5102', 1484, 10.6);
insert into notafiscal (idnotafiscal, valortotal, data, chavedeacesso, fk_transacao_idtransacao, itens, cfop, numero, valorimposto) values (18, 7669.54, '2018-10-12', '015972728731758934607731382143103', 18, 'Aenean sit amet justo.', '5102', 2001, 20.37);
insert into notafiscal (idnotafiscal, valortotal, data, chavedeacesso, fk_transacao_idtransacao, itens, cfop, numero, valorimposto) values (19, 12370.69, '2019-01-14', '115649558030665251453209880946362', 19, 'Morbi non quam nec dui luctus rutrum.', '5102', 1386, 14.89);
insert into notafiscal (idnotafiscal, valortotal, data, chavedeacesso, fk_transacao_idtransacao, itens, cfop, numero, valorimposto) values (20, 688.16, '2019-07-17', '151920525850829844590262546506938', 20, 'Vestibulum ante ipsum primis in faucibus orci luctus et ultrices posuere cubilia Curae; Nulla dapibus dolor vel est.', '5102', 1918, 20.59);
insert into notafiscal (idnotafiscal, valortotal, data, chavedeacesso, fk_transacao_idtransacao, itens, cfop, numero, valorimposto) values (21, 6014.07, '2020-05-07', '330690921946640671954456808190403', 21, 'Proin eu mi.', '5102', 1428, 11.98);
insert into notafiscal (idnotafiscal, valortotal, data, chavedeacesso, fk_transacao_idtransacao, itens, cfop, numero, valorimposto) values (22, 9703.7, '2020-09-24', '722638597763347521517239414134094', 22, 'Nullam orci pede, venenatis non, sodales sed, tincidunt eu, felis.', '5102', 2047, 23.62);
insert into notafiscal (idnotafiscal, valortotal, data, chavedeacesso, fk_transacao_idtransacao, itens, cfop, numero, valorimposto) values (23, 21535.98, '2019-08-12', '060250424564272465420637572725785', 23, 'Etiam faucibus cursus urna.', '5102', 2162, 10.88);
insert into notafiscal (idnotafiscal, valortotal, data, chavedeacesso, fk_transacao_idtransacao, itens, cfop, numero, valorimposto) values (24, 25379.72, '2020-05-04', '562735387409365509029638449404214', 24, 'Nullam sit amet turpis elementum ligula vehicula consequat.', '5102', 1778, 23.86);
insert into notafiscal (idnotafiscal, valortotal, data, chavedeacesso, fk_transacao_idtransacao, itens, cfop, numero, valorimposto) values (25, 13419.84, '2020-07-30', '823922039942178392596598238074761', 25, 'Nulla tellus.', '5102', 1603, 13.63);
insert into notafiscal (idnotafiscal, valortotal, data, chavedeacesso, fk_transacao_idtransacao, itens, cfop, numero, valorimposto) values (26, 11542.0, '2019-04-14', '683156255828552161777616060814788', 26, 'Donec ut dolor.', '5102', 1857, 21.92);
insert into notafiscal (idnotafiscal, valortotal, data, chavedeacesso, fk_transacao_idtransacao, itens, cfop, numero, valorimposto) values (27, 14711.68, '2018-09-10', '292205877851083814128562079644058', 27, 'Suspendisse ornare consequat lectus.', '5102', 1253, 7.25);
insert into notafiscal (idnotafiscal, valortotal, data, chavedeacesso, fk_transacao_idtransacao, itens, cfop, numero, valorimposto) values (28, 8066.04, '2018-09-24', '849110754671577860899497672605817', 28, 'Morbi non lectus.', '5102', 1197, 23.92);
insert into notafiscal (idnotafiscal, valortotal, data, chavedeacesso, fk_transacao_idtransacao, itens, cfop, numero, valorimposto) values (29, 24343.65, '2020-07-02', '841060932845124071234575118421146', 29, 'Vestibulum rutrum rutrum neque.', '5102', 2449, 10.41);
insert into notafiscal (idnotafiscal, valortotal, data, chavedeacesso, fk_transacao_idtransacao, itens, cfop, numero, valorimposto) values (30, 22612.29, '2019-09-27', '297824274775921779081863525610902', 30, 'Phasellus sit amet erat.', '5102', 1290, 12.23);
insert into notafiscal (idnotafiscal, valortotal, data, chavedeacesso, fk_transacao_idtransacao, itens, cfop, numero, valorimposto) values (31, 17183.01, '2020-07-25', '918707392958268542857114327123780', 31, 'Nullam sit amet turpis elementum ligula vehicula consequat.', '5102', 1247, 7.33);
insert into notafiscal (idnotafiscal, valortotal, data, chavedeacesso, fk_transacao_idtransacao, itens, cfop, numero, valorimposto) values (32, 18814.81, '2020-03-13', '041741295834375196883233632340235', 32, 'Morbi vestibulum, velit id pretium iaculis, diam erat fermentum justo, nec condimentum neque sapien placerat ante.', '5102', 1121, 12.08);
insert into notafiscal (idnotafiscal, valortotal, data, chavedeacesso, fk_transacao_idtransacao, itens, cfop, numero, valorimposto) values (33, 25310.71, '2020-10-02', '982816560726963870865423635072827', 33, 'Aliquam quis turpis eget elit sodales scelerisque.', '5102', 2198, 17.31);
insert into notafiscal (idnotafiscal, valortotal, data, chavedeacesso, fk_transacao_idtransacao, itens, cfop, numero, valorimposto) values (34, 15079.23, '2019-10-07', '691373159543634400605532780713324', 34, 'Nulla ac enim.', '5102', 1613, 15.18);
insert into notafiscal (idnotafiscal, valortotal, data, chavedeacesso, fk_transacao_idtransacao, itens, cfop, numero, valorimposto) values (35, 10106.65, '2019-11-06', '661056461457035442380881755009145', 35, 'Nulla ut erat id mauris vulputate elementum.', '5102', 1156, 14.73);
insert into notafiscal (idnotafiscal, valortotal, data, chavedeacesso, fk_transacao_idtransacao, itens, cfop, numero, valorimposto) values (36, 6504.53, '2020-03-10', '902853839725323278519302597177753', 36, 'In congue.', '5102', 1580, 6.61);
insert into notafiscal (idnotafiscal, valortotal, data, chavedeacesso, fk_transacao_idtransacao, itens, cfop, numero, valorimposto) values (37, 591.44, '2020-10-12', '931387836083504898295235608642227', 37, 'Mauris ullamcorper purus sit amet nulla.', '5102', 1832, 23.75);
insert into notafiscal (idnotafiscal, valortotal, data, chavedeacesso, fk_transacao_idtransacao, itens, cfop, numero, valorimposto) values (38, 22003.09, '2020-08-13', '553578180880871050706859924851115', 38, 'Phasellus in felis.', '5102', 1896, 14.35);
insert into notafiscal (idnotafiscal, valortotal, data, chavedeacesso, fk_transacao_idtransacao, itens, cfop, numero, valorimposto) values (39, 24713.69, '2020-04-06', '936030382690287303439417871625642', 39, 'Sed accumsan felis.', '5102', 2079, 22.84);
insert into notafiscal (idnotafiscal, valortotal, data, chavedeacesso, fk_transacao_idtransacao, itens, cfop, numero, valorimposto) values (40, 20589.34, '2019-06-29', '232537765530472063080320745614670', 40, 'Duis at velit eu est congue elementum.', '5102', 2018, 17.61);
insert into notafiscal (idnotafiscal, valortotal, data, chavedeacesso, fk_transacao_idtransacao, itens, cfop, numero, valorimposto) values (41, 11720.3, '2020-11-04', '465702979706764288760385328505316', 41, 'Pellentesque eget nunc.', '5102', 2315, 18.29);
insert into notafiscal (idnotafiscal, valortotal, data, chavedeacesso, fk_transacao_idtransacao, itens, cfop, numero, valorimposto) values (42, 862.52, '2019-07-16', '297811651994030199356557249135130', 42, 'Vestibulum ante ipsum primis in faucibus orci luctus et ultrices posuere cubilia Curae; Donec pharetra, magna vestibulum aliquet ultrices, erat tortor sollicitudin mi, sit amet lobortis sapien sapien non mi.', '5102', 1998, 5.85);
insert into notafiscal (idnotafiscal, valortotal, data, chavedeacesso, fk_transacao_idtransacao, itens, cfop, numero, valorimposto) values (43, 18543.62, '2020-05-01', '412614618468422769440078725799751', 43, 'Etiam vel augue.', '5102', 1883, 17.73);
insert into notafiscal (idnotafiscal, valortotal, data, chavedeacesso, fk_transacao_idtransacao, itens, cfop, numero, valorimposto) values (44, 6997.37, '2020-01-10', '964324948754112641359076985202092', 44, 'Quisque id justo sit amet sapien dignissim vestibulum.', '5102', 1667, 9.6);
insert into notafiscal (idnotafiscal, valortotal, data, chavedeacesso, fk_transacao_idtransacao, itens, cfop, numero, valorimposto) values (45, 1656.87, '2019-02-02', '616549414100667211298086554763884', 45, 'Morbi vestibulum, velit id pretium iaculis, diam erat fermentum justo, nec condimentum neque sapien placerat ante.', '5102', 1811, 20.45);
insert into notafiscal (idnotafiscal, valortotal, data, chavedeacesso, fk_transacao_idtransacao, itens, cfop, numero, valorimposto) values (46, 17532.07, '2019-01-30', '951059479449324999822786069343884', 46, 'Nam nulla.', '5102', 2048, 11.83);
insert into notafiscal (idnotafiscal, valortotal, data, chavedeacesso, fk_transacao_idtransacao, itens, cfop, numero, valorimposto) values (47, 21011.55, '2019-08-19', '867571568055210463416658626350920', 47, 'Proin eu mi.', '5102', 1374, 13.08);
insert into notafiscal (idnotafiscal, valortotal, data, chavedeacesso, fk_transacao_idtransacao, itens, cfop, numero, valorimposto) values (48, 22960.21, '2020-08-20', '233731983330651274596387914907433', 48, 'Nullam orci pede, venenatis non, sodales sed, tincidunt eu, felis.', '5102', 1113, 13.61);
insert into notafiscal (idnotafiscal, valortotal, data, chavedeacesso, fk_transacao_idtransacao, itens, cfop, numero, valorimposto) values (49, 17731.04, '2020-05-29', '037781088035371563105896559302667', 49, 'Mauris ullamcorper purus sit amet nulla.', '5102', 1164, 11.39);
insert into notafiscal (idnotafiscal, valortotal, data, chavedeacesso, fk_transacao_idtransacao, itens, cfop, numero, valorimposto) values (50, 17203.96, '2019-06-07', '898485940132904254089907595266198', 50, 'Lorem ipsum dolor sit amet, consectetuer adipiscing elit.', '5102', 1515, 10.69);
insert into notafiscal (idnotafiscal, valortotal, data, chavedeacesso, fk_transacao_idtransacao, itens, cfop, numero, valorimposto) values (51, 8767.69, '2020-04-10', '093293317405421634466210865187289', 51, 'Nullam orci pede, venenatis non, sodales sed, tincidunt eu, felis.', '5102', 1016, 12.5);
insert into notafiscal (idnotafiscal, valortotal, data, chavedeacesso, fk_transacao_idtransacao, itens, cfop, numero, valorimposto) values (52, 13611.97, '2020-03-23', '228803931522668091964852692957042', 52, 'Nulla tellus.', '5102', 2392, 18.57);
insert into notafiscal (idnotafiscal, valortotal, data, chavedeacesso, fk_transacao_idtransacao, itens, cfop, numero, valorimposto) values (53, 23810.51, '2019-05-06', '844201566392128048281146299985738', 53, 'Mauris ullamcorper purus sit amet nulla.', '5102', 1412, 19.11);
insert into notafiscal (idnotafiscal, valortotal, data, chavedeacesso, fk_transacao_idtransacao, itens, cfop, numero, valorimposto) values (54, 17592.66, '2018-11-19', '544751838305021076299401877196345', 54, 'Aliquam erat volutpat.', '5102', 1874, 22.08);
insert into notafiscal (idnotafiscal, valortotal, data, chavedeacesso, fk_transacao_idtransacao, itens, cfop, numero, valorimposto) values (55, 2661.14, '2019-07-14', '376654294885535701595522003356850', 55, 'Pellentesque viverra pede ac diam.', '5102', 1476, 24.05);
insert into notafiscal (idnotafiscal, valortotal, data, chavedeacesso, fk_transacao_idtransacao, itens, cfop, numero, valorimposto) values (56, 8901.02, '2020-04-11', '021655498093656497632100284110095', 56, 'Phasellus in felis.', '5102', 2217, 13.27);
insert into notafiscal (idnotafiscal, valortotal, data, chavedeacesso, fk_transacao_idtransacao, itens, cfop, numero, valorimposto) values (57, 24285.47, '2019-08-20', '252452157694315874107915996397271', 57, 'Maecenas rhoncus aliquam lacus.', '5102', 2246, 8.11);
insert into notafiscal (idnotafiscal, valortotal, data, chavedeacesso, fk_transacao_idtransacao, itens, cfop, numero, valorimposto) values (58, 13734.21, '2019-11-20', '197566515004246048541374716123039', 58, 'Pellentesque viverra pede ac diam.', '5102', 1689, 11.15);
insert into notafiscal (idnotafiscal, valortotal, data, chavedeacesso, fk_transacao_idtransacao, itens, cfop, numero, valorimposto) values (59, 2057.98, '2020-05-16', '752643431966188969510726771585878', 59, 'Mauris lacinia sapien quis libero.', '5102', 2271, 14.63);
insert into notafiscal (idnotafiscal, valortotal, data, chavedeacesso, fk_transacao_idtransacao, itens, cfop, numero, valorimposto) values (60, 20152.21, '2019-06-27', '375466704128670597180327727220806', 60, 'Pellentesque eget nunc.', '5102', 2367, 19.57);
insert into notafiscal (idnotafiscal, valortotal, data, chavedeacesso, fk_transacao_idtransacao, itens, cfop, numero, valorimposto) values (61, 2917.86, '2019-08-29', '032338792046617798607824613620062', 61, 'In hac habitasse platea dictumst.', '5102', 1856, 5.73);
insert into notafiscal (idnotafiscal, valortotal, data, chavedeacesso, fk_transacao_idtransacao, itens, cfop, numero, valorimposto) values (62, 13267.13, '2019-10-09', '992956476895930738692770409207357', 62, 'Vestibulum rutrum rutrum neque.', '5102', 2494, 13.19);
insert into notafiscal (idnotafiscal, valortotal, data, chavedeacesso, fk_transacao_idtransacao, itens, cfop, numero, valorimposto) values (63, 16210.87, '2020-03-21', '211812953273885359395568317068303', 63, 'Suspendisse potenti.', '5102', 2365, 23.29);
insert into notafiscal (idnotafiscal, valortotal, data, chavedeacesso, fk_transacao_idtransacao, itens, cfop, numero, valorimposto) values (64, 12784.55, '2019-11-04', '061459037156112243998646219256495', 64, 'In quis justo.', '5102', 1737, 5.94);
insert into notafiscal (idnotafiscal, valortotal, data, chavedeacesso, fk_transacao_idtransacao, itens, cfop, numero, valorimposto) values (65, 14542.84, '2019-10-24', '723881982224145881337208705669875', 65, 'Proin at turpis a pede posuere nonummy.', '5102', 1022, 8.08);

insert into transfer (idtransfer, horainicio, horafim, intervalo, fk_veiculo_idveiculo) values (1, '08:00', '18:00', '82 min', 5);
insert into transfer (idtransfer, horainicio, horafim, intervalo, fk_veiculo_idveiculo) values (2, '08:00', '18:00', '11 min', 10);
insert into transfer (idtransfer, horainicio, horafim, intervalo, fk_veiculo_idveiculo) values (3, '08:00', '18:00', '15 min', 9);
insert into transfer (idtransfer, horainicio, horafim, intervalo, fk_veiculo_idveiculo) values (4, '08:00', '18:00', '67 min', 12);
insert into transfer (idtransfer, horainicio, horafim, intervalo, fk_veiculo_idveiculo) values (5, '08:00', '18:00', '16 min', 6);
insert into transfer (idtransfer, horainicio, horafim, intervalo, fk_veiculo_idveiculo) values (6, '08:00', '18:00', '79 min', 6);

insert into atividade (idatividade, nome, descricao, data, publicoalvo, fk_evento_idevento) values (1, 'Streamlined dedicated migration', 'Nulla ac enim. In tempor, turpis nec euismod scelerisque, quam turpis adipiscing lorem, vitae mattis nibh ligula nec sem.', '2020-03-09', 'Clinical Specialist', 3);
insert into atividade (idatividade, nome, descricao, data, publicoalvo, fk_evento_idevento) values (2, 'Universal uniform software', 'Mauris enim leo, rhoncus sed, vestibulum sit amet, cursus id, turpis. Integer aliquet, massa id lobortis convallis, tortor risus dapibus augue, vel accumsan tellus nisi eu orci.', '2020-04-22', 'Senior Editor', 6);
insert into atividade (idatividade, nome, descricao, data, publicoalvo, fk_evento_idevento) values (3, 'Operative bifurcated paradigm', 'Vestibulum ante ipsum primis in faucibus orci luctus et ultrices posuere cubilia Curae; Mauris viverra diam vitae quam. Suspendisse potenti. Nullam porttitor lacus at turpis.', '2019-07-25', 'Senior Quality Engineer', 8);
insert into atividade (idatividade, nome, descricao, data, publicoalvo, fk_evento_idevento) values (4, 'Profound mission-critical project', 'In hac habitasse platea dictumst.', '2019-08-15', 'Physical Therapy Assistant', 3);
insert into atividade (idatividade, nome, descricao, data, publicoalvo, fk_evento_idevento) values (5, 'Versatile non-volatile model', 'In hac habitasse platea dictumst. Maecenas ut massa quis augue luctus tincidunt.', '2020-08-21', 'Programmer Analyst I', 10);
insert into atividade (idatividade, nome, descricao, data, publicoalvo, fk_evento_idevento) values (6, 'Phased scalable paradigm', 'Curabitur convallis. Duis consequat dui nec nisi volutpat eleifend.', '2019-10-19', 'Software Test Engineer II', 10);
insert into atividade (idatividade, nome, descricao, data, publicoalvo, fk_evento_idevento) values (7, 'Configurable attitude-oriented policy', 'Lorem ipsum dolor sit amet, consectetuer adipiscing elit. Proin interdum mauris non ligula pellentesque ultrices.', '2019-10-28', 'Senior Sales Associate', 6);
insert into atividade (idatividade, nome, descricao, data, publicoalvo, fk_evento_idevento) values (8, 'Total directional moderator', 'In eleifend quam a odio. In hac habitasse platea dictumst. Maecenas ut massa quis augue luctus tincidunt.', '2019-03-24', 'Structural Analysis Engineer', 1);
insert into atividade (idatividade, nome, descricao, data, publicoalvo, fk_evento_idevento) values (9, 'Configurable zero tolerance data-warehouse', 'Donec posuere metus vitae ipsum. Aliquam non mauris.', '2019-08-25', 'Civil Engineer', 3);
insert into atividade (idatividade, nome, descricao, data, publicoalvo, fk_evento_idevento) values (10, 'Future-proofed static firmware', 'In sagittis dui vel nisl. Duis ac nibh.', '2019-10-24', 'Database Administrator I', 4);
insert into atividade (idatividade, nome, descricao, data, publicoalvo, fk_evento_idevento) values (11, 'Multi-channelled tertiary artificial intelligence', 'Vestibulum sed magna at nunc commodo placerat.', '2020-06-12', 'Librarian', 1);
insert into atividade (idatividade, nome, descricao, data, publicoalvo, fk_evento_idevento) values (12, 'Down-sized hybrid project', 'Integer non velit. Donec diam neque, vestibulum eget, vulputate ut, ultrices vel, augue. Vestibulum ante ipsum primis in faucibus orci luctus et ultrices posuere cubilia Curae; Donec pharetra, magna vestibulum aliquet ultrices, erat tortor sollicitudin mi, sit amet lobortis sapien sapien non mi.', '2019-09-19', 'Nurse', 7);
insert into atividade (idatividade, nome, descricao, data, publicoalvo, fk_evento_idevento) values (13, 'Reduced cohesive matrices', 'Curabitur convallis. Duis consequat dui nec nisi volutpat eleifend.', '2020-05-31', 'VP Quality Control', 2);
insert into atividade (idatividade, nome, descricao, data, publicoalvo, fk_evento_idevento) values (14, 'Front-line fault-tolerant toolset', 'Aenean auctor gravida sem.', '2019-07-25', 'Director of Sales', 10);
insert into atividade (idatividade, nome, descricao, data, publicoalvo, fk_evento_idevento) values (15, 'Phased attitude-oriented open system', 'Sed sagittis. Nam congue, risus semper porta volutpat, quam pede lobortis ligula, sit amet eleifend pede libero quis orci.', '2020-01-09', 'Account Representative III', 9);
insert into atividade (idatividade, nome, descricao, data, publicoalvo, fk_evento_idevento) values (16, 'Ergonomic tangible encryption', 'Donec ut dolor. Morbi vel lectus in quam fringilla rhoncus. Mauris enim leo, rhoncus sed, vestibulum sit amet, cursus id, turpis.', '2020-10-14', 'Computer Systems Analyst I', 2);
insert into atividade (idatividade, nome, descricao, data, publicoalvo, fk_evento_idevento) values (17, 'Seamless regional approach', 'Morbi sem mauris, laoreet ut, rhoncus aliquet, pulvinar sed, nisl. Nunc rhoncus dui vel sem. Sed sagittis.', '2019-09-01', 'VP Marketing', 1);
insert into atividade (idatividade, nome, descricao, data, publicoalvo, fk_evento_idevento) values (18, 'Customizable attitude-oriented website', 'Ut at dolor quis odio consequat varius. Integer ac leo.', '2019-11-14', 'Engineer II', 6);
insert into atividade (idatividade, nome, descricao, data, publicoalvo, fk_evento_idevento) values (19, 'Focused leading edge artificial intelligence', 'Vivamus in felis eu sapien cursus vestibulum.', '2020-03-17', 'Payment Adjustment Coordinator', 2);
insert into atividade (idatividade, nome, descricao, data, publicoalvo, fk_evento_idevento) values (20, 'Face to face reciprocal hub', 'Quisque id justo sit amet sapien dignissim vestibulum. Vestibulum ante ipsum primis in faucibus orci luctus et ultrices posuere cubilia Curae; Nulla dapibus dolor vel est. Donec odio justo, sollicitudin ut, suscipit a, feugiat et, eros.', '2020-10-31', 'Staff Accountant III', 1);
insert into atividade (idatividade, nome, descricao, data, publicoalvo, fk_evento_idevento) values (21, 'Multi-channelled discrete solution', 'Nullam varius.', '2019-09-04', 'Environmental Tech', 3);
insert into atividade (idatividade, nome, descricao, data, publicoalvo, fk_evento_idevento) values (22, 'Advanced bandwidth-monitored policy', 'In hac habitasse platea dictumst. Etiam faucibus cursus urna.', '2019-10-07', 'Senior Cost Accountant', 2);
insert into atividade (idatividade, nome, descricao, data, publicoalvo, fk_evento_idevento) values (23, 'Triple-buffered multimedia moratorium', 'Etiam pretium iaculis justo.', '2020-11-03', 'Operator', 3);
insert into atividade (idatividade, nome, descricao, data, publicoalvo, fk_evento_idevento) values (24, 'Cross-platform 24 hour strategy', 'Phasellus sit amet erat. Nulla tempus. Vivamus in felis eu sapien cursus vestibulum.', '2019-08-02', 'Staff Accountant I', 5);
insert into atividade (idatividade, nome, descricao, data, publicoalvo, fk_evento_idevento) values (25, 'Balanced global array', 'Morbi vel lectus in quam fringilla rhoncus. Mauris enim leo, rhoncus sed, vestibulum sit amet, cursus id, turpis.', '2019-05-07', 'Desktop Support Technician', 4);
insert into atividade (idatividade, nome, descricao, data, publicoalvo, fk_evento_idevento) values (26, 'Phased dedicated frame', 'Aliquam non mauris. Morbi non lectus.', '2019-07-29', 'Technical Writer', 7);
insert into atividade (idatividade, nome, descricao, data, publicoalvo, fk_evento_idevento) values (27, 'Customizable systemic definition', 'Morbi odio odio, elementum eu, interdum eu, tincidunt in, leo.', '2019-04-12', 'Account Representative III', 10);
insert into atividade (idatividade, nome, descricao, data, publicoalvo, fk_evento_idevento) values (28, 'Right-sized real-time knowledge base', 'Nullam varius. Nulla facilisi.', '2020-02-08', 'Administrative Assistant II', 7);
insert into atividade (idatividade, nome, descricao, data, publicoalvo, fk_evento_idevento) values (29, 'Multi-lateral client-server strategy', 'Morbi porttitor lorem id ligula. Suspendisse ornare consequat lectus.', '2020-10-10', 'Assistant Professor', 1);
insert into atividade (idatividade, nome, descricao, data, publicoalvo, fk_evento_idevento) values (30, 'Optimized intermediate leverage', 'Praesent blandit lacinia erat.', '2020-10-27', 'Senior Editor', 6);
insert into atividade (idatividade, nome, descricao, data, publicoalvo, fk_evento_idevento) values (31, 'Universal attitude-oriented methodology', 'Integer aliquet, massa id lobortis convallis, tortor risus dapibus augue, vel accumsan tellus nisi eu orci. Mauris lacinia sapien quis libero. Nullam sit amet turpis elementum ligula vehicula consequat.', '2019-12-04', 'Design Engineer', 9);
insert into atividade (idatividade, nome, descricao, data, publicoalvo, fk_evento_idevento) values (32, 'Switchable multi-state help-desk', 'Duis consequat dui nec nisi volutpat eleifend.', '2020-01-19', 'Biostatistician III', 7);
insert into atividade (idatividade, nome, descricao, data, publicoalvo, fk_evento_idevento) values (33, 'Pre-emptive attitude-oriented flexibility', 'Mauris ullamcorper purus sit amet nulla. Quisque arcu libero, rutrum ac, lobortis vel, dapibus at, diam.', '2020-08-13', 'Web Developer II', 1);
insert into atividade (idatividade, nome, descricao, data, publicoalvo, fk_evento_idevento) values (34, 'Front-line holistic pricing structure', 'Donec vitae nisi.', '2020-04-24', 'Electrical Engineer', 9);
insert into atividade (idatividade, nome, descricao, data, publicoalvo, fk_evento_idevento) values (35, 'Stand-alone fresh-thinking artificial intelligence', 'Donec dapibus.', '2019-07-01', 'Senior Quality Engineer', 2);
insert into atividade (idatividade, nome, descricao, data, publicoalvo, fk_evento_idevento) values (36, 'Proactive encompassing conglomeration', 'Ut tellus. Nulla ut erat id mauris vulputate elementum. Nullam varius.', '2020-08-31', 'Chemical Engineer', 4);
insert into atividade (idatividade, nome, descricao, data, publicoalvo, fk_evento_idevento) values (37, 'Function-based regional initiative', 'In eleifend quam a odio. In hac habitasse platea dictumst.', '2019-11-23', 'Geological Engineer', 3);
insert into atividade (idatividade, nome, descricao, data, publicoalvo, fk_evento_idevento) values (38, 'Right-sized optimizing task-force', 'Aliquam erat volutpat. In congue.', '2020-10-18', 'Director of Sales', 4);
insert into atividade (idatividade, nome, descricao, data, publicoalvo, fk_evento_idevento) values (39, 'Phased radical infrastructure', 'In hac habitasse platea dictumst. Etiam faucibus cursus urna. Ut tellus.', '2019-04-11', 'Structural Engineer', 3);
insert into atividade (idatividade, nome, descricao, data, publicoalvo, fk_evento_idevento) values (40, 'Right-sized local standardization', 'Phasellus sit amet erat. Nulla tempus.', '2020-05-19', 'Operator', 3);

insert into apresentacaodeartigo (tema, fk_atividade_idatividade, fk_artigo_idartigo) values ('Capital Goods', 5, 5);
insert into apresentacaodeartigo (tema, fk_atividade_idatividade, fk_artigo_idartigo) values ('Technology', 6, 4);
insert into apresentacaodeartigo (tema, fk_atividade_idatividade, fk_artigo_idartigo) values ('Consumer Services', 5, 4);
insert into apresentacaodeartigo (tema, fk_atividade_idatividade, fk_artigo_idartigo) values ('Transportation', 4, 3);
insert into apresentacaodeartigo (tema, fk_atividade_idatividade, fk_artigo_idartigo) values ('Health Care', 6, 3);
insert into apresentacaodeartigo (tema, fk_atividade_idatividade, fk_artigo_idartigo) values ('Consumer Services', 2, 1);

insert into concurso (regras, tema, premiacoes, fk_atividade_idatividade) values ('Donec semper sapien a libero. Nam dui. Proin leo odio, porttitor id, consequat in, consequat ut, nulla.', 'Metal Fabrications', 'Aenean auctor gravida sem.', 1);
insert into concurso (regras, tema, premiacoes, fk_atividade_idatividade) values ('Aenean auctor gravida sem.', 'n/a', 'Praesent blandit lacinia erat.', 6);
insert into concurso (regras, tema, premiacoes, fk_atividade_idatividade) values ('Nunc purus. Phasellus in felis. Donec semper sapien a libero.', 'Medical/Nursing Services', 'Aenean auctor gravida sem. Praesent id massa id nisl venenatis lacinia.', 6);
insert into concurso (regras, tema, premiacoes, fk_atividade_idatividade) values ('Nunc rhoncus dui vel sem.', 'Computer Software: Prepackaged Software', 'Morbi ut odio.', 2);
insert into concurso (regras, tema, premiacoes, fk_atividade_idatividade) values ('Quisque id justo sit amet sapien dignissim vestibulum. Vestibulum ante ipsum primis in faucibus orci luctus et ultrices posuere cubilia Curae; Nulla dapibus dolor vel est.', 'Industrial Machinery/Components', 'Integer tincidunt ante vel ipsum. Praesent blandit lacinia erat.', 2);
insert into concurso (regras, tema, premiacoes, fk_atividade_idatividade) values ('Sed sagittis.', 'Paper', 'In hac habitasse platea dictumst.', 4);

insert into atividadesocial (tipo, tema, fk_atividade_idatividade) values ('Training', 'So Much Water', 2);
insert into atividadesocial (tipo, tema, fk_atividade_idatividade) values ('Services', 'Coco Chanel', 2);
insert into atividadesocial (tipo, tema, fk_atividade_idatividade) values ('Human Resources', 'Wooden Bridge, The', 5);
insert into atividadesocial (tipo, tema, fk_atividade_idatividade) values ('Engineering', 'Stand Up and Fight', 2);
insert into atividadesocial (tipo, tema, fk_atividade_idatividade) values ('Research and Development', 'Rocks in my Pockets', 4);

insert into palestra (afiliacao, nomedapalestra, minicurriculo, fk_atividade_idatividade) values ('Liverpool Hope University College', 'optimize wireless deliverables', 'Nulla mollis molestie lorem. Quisque ut erat.', null);
insert into palestra (afiliacao, nomedapalestra, minicurriculo, fk_atividade_idatividade) values ('Southern Utah University', 'deliver revolutionary networks', 'Nulla facilisi.', null);
insert into palestra (afiliacao, nomedapalestra, minicurriculo, fk_atividade_idatividade) values ('Western Carolina University', 'benchmark impactful e-business', 'Praesent blandit lacinia erat. Vestibulum sed magna at nunc commodo placerat.', null);
insert into palestra (afiliacao, nomedapalestra, minicurriculo, fk_atividade_idatividade) values ('University of Juba', 'matrix 24/7 e-commerce', 'Maecenas pulvinar lobortis est.', null);
insert into palestra (afiliacao, nomedapalestra, minicurriculo, fk_atividade_idatividade) values ('Loma Linda University', 'benchmark proactive supply-chains', 'Nulla tempus.', null);

insert into reuniao (objetivo, fk_atividade_idatividade) values ('Profound didactic attitude', 28);
insert into reuniao (objetivo, fk_atividade_idatividade) values ('Innovative eco-centric pricing structure', 29);
insert into reuniao (objetivo, fk_atividade_idatividade) values ('Persevering contextually-based software', 30);
insert into reuniao (objetivo, fk_atividade_idatividade) values ('Synchronised grid-enabled system engine', 31);
insert into reuniao (objetivo, fk_atividade_idatividade) values ('Down-sized heuristic paradigm', 32);

insert into tutorial (tema, fk_atividade_idatividade) values ('Natural Gas Distribution', 33);
insert into tutorial (tema, fk_atividade_idatividade) values ('Major Banks', 34);
insert into tutorial (tema, fk_atividade_idatividade) values ('Trucking Freight/Courier Services', 35);
insert into tutorial (tema, fk_atividade_idatividade) values ('Major Banks', 36);
insert into tutorial (tema, fk_atividade_idatividade) values ('Life Insurance', 37);

insert into workshops (tema, fk_atividade_idatividade) values ('Trucking Freight/Courier Services', 36);
insert into workshops (tema, fk_atividade_idatividade) values ('Other Consumer Services', 37);
insert into workshops (tema, fk_atividade_idatividade) values ('Human Resources', 38);
insert into workshops (tema, fk_atividade_idatividade) values ('Real Estate Investment Trusts', 39);
insert into workshops (tema, fk_atividade_idatividade) values ('Research and Development', 40);



insert into anuncioonline  (idanuncioonline, titulo, descricao, url, acessos, custoporclique, fk_evento_idevento) values (1, 'brand seamless applications', 'Fully-configurable logistical system engine', 'https://storify.com/proin/eu/mi/nulla/ac/enim/in.xml', 10251, 0.84, 2);
insert into anuncioonline  (idanuncioonline, titulo, descricao, url, acessos, custoporclique, fk_evento_idevento) values (2, 'cultivate proactive initiatives', 'Monitored content-based system engine', 'http://scribd.com/quam/fringilla/rhoncus/mauris/enim/leo.xml', 11508, 0.34, 4);
insert into anuncioonline  (idanuncioonline, titulo, descricao, url, acessos, custoporclique, fk_evento_idevento) values (3, 'morph efficient systems', 'Mandatory non-volatile Graphical User Interface', 'https://yahoo.co.jp/id/pretium/iaculis/diam/erat/fermentum/justo.html', 11309, 3.8, 1);
insert into anuncioonline  (idanuncioonline, titulo, descricao, url, acessos, custoporclique, fk_evento_idevento) values (4, 'monetize interactive networks', 'Open-source needs-based leverage', 'http://nytimes.com/blandit/nam/nulla/integer/pede/justo/lacinia.png', 5747, 2.66, 2);
insert into anuncioonline  (idanuncioonline, titulo, descricao, url, acessos, custoporclique, fk_evento_idevento) values (5, 'facilitate turn-key infomediaries', 'Customer-focused tertiary focus group', 'https://cbc.ca/massa/donec.png', 11311, 1.74, 3);
insert into anuncioonline  (idanuncioonline, titulo, descricao, url, acessos, custoporclique, fk_evento_idevento) values (6, 'optimize cross-platform content', 'Enterprise-wide 24 hour matrix', 'http://wunderground.com/integer/non.html', 4452, 4.63, 1);
insert into anuncioonline  (idanuncioonline, titulo, descricao, url, acessos, custoporclique, fk_evento_idevento) values (7, 'grow visionary e-markets', 'Object-based interactive alliance', 'http://yahoo.com/in/hac/habitasse.png', 586, 4.41, 1);
insert into anuncioonline  (idanuncioonline, titulo, descricao, url, acessos, custoporclique, fk_evento_idevento) values (8, 'envisioneer mission-critical supply-chains', 'Enhanced encompassing forecast', 'https://hp.com/mus.json', 11254, 6.19, 5);
insert into anuncioonline  (idanuncioonline, titulo, descricao, url, acessos, custoporclique, fk_evento_idevento) values (9, 'transform world-class schemas', 'Reduced well-modulated product', 'https://blogspot.com/quam.xml', 6488, 1.19, 4);
insert into anuncioonline  (idanuncioonline, titulo, descricao, url, acessos, custoporclique, fk_evento_idevento) values (10, 'deploy sticky experiences', 'Total asymmetric model', 'http://pen.io/ut.jsp', 9767, 4.01, 3);
insert into anuncioonline  (idanuncioonline, titulo, descricao, url, acessos, custoporclique, fk_evento_idevento) values (11, 'recontextualize revolutionary e-services', 'Multi-channelled upward-trending contingency', 'http://symantec.com/habitasse/platea/dictumst/morbi.jsp', 2281, 4.3, 2);
insert into anuncioonline  (idanuncioonline, titulo, descricao, url, acessos, custoporclique, fk_evento_idevento) values (12, 'matrix integrated models', 'Balanced zero administration challenge', 'http://economist.com/mauris/ullamcorper/purus/sit/amet/nulla.xml', 4966, 3.63, 1);
insert into anuncioonline  (idanuncioonline, titulo, descricao, url, acessos, custoporclique, fk_evento_idevento) values (13, 'incentivize e-business web-readiness', 'Reverse-engineered client-driven challenge', 'http://lycos.com/in/leo/maecenas.json', 5235, 0.98, 3);
insert into anuncioonline  (idanuncioonline, titulo, descricao, url, acessos, custoporclique, fk_evento_idevento) values (14, 'envisioneer sticky schemas', 'Quality-focused background array', 'https://privacy.gov.au/porta/volutpat/quam/pede/lobortis/ligula.xml', 10821, 2.98, 5);
insert into anuncioonline  (idanuncioonline, titulo, descricao, url, acessos, custoporclique, fk_evento_idevento) values (15, 'cultivate strategic infomediaries', 'Streamlined context-sensitive local area network', 'https://scientificamerican.com/felis/fusce.jpg', 6606, 1.44, 3);

insert into canalstreaming  (idstreaming, titulo, url, fk_portalvirtual_fk_plataforma_idplataforma) values (1, 'Voltsillam', 'https://sfgate.com/nulla/ultrices/aliquet/maecenas.xml', 3);
insert into canalstreaming  (idstreaming, titulo, url, fk_portalvirtual_fk_plataforma_idplataforma) values (2, 'Zoolab', 'http://reuters.com/risus/auctor/sed/tristique/in.jsp', 4);
insert into canalstreaming  (idstreaming, titulo, url, fk_portalvirtual_fk_plataforma_idplataforma) values (3, 'Y-find', 'https://bbc.co.uk/donec/dapibus/duis/at/velit/eu/est.json', 3);
insert into canalstreaming  (idstreaming, titulo, url, fk_portalvirtual_fk_plataforma_idplataforma) values (4, 'Viva', 'http://amazon.co.uk/interdum.png', 2);
insert into canalstreaming  (idstreaming, titulo, url, fk_portalvirtual_fk_plataforma_idplataforma) values (5, 'Wrapsafe', 'https://weather.com/porttitor/lacus/at/turpis.json', 6);
insert into canalstreaming  (idstreaming, titulo, url, fk_portalvirtual_fk_plataforma_idplataforma) values (6, 'Fintone', 'https://ed.gov/ligula/vehicula/consequat.js', 5);

insert into avaliacao (idavaliacao, nota, comentario, data, fk_atividade_idatividade, fk_evento_idevento, fk_pessoa_idpessoa) values (1, 4, 'Vestibulum ac est lacinia nisi venenatis tristique. Fusce congue, diam id ornare imperdiet, sapien urna pretium nisl, ut volutpat sapien arcu sed augue. Aliquam erat volutpat. In congue. Etiam justo. Etiam pretium iaculis justo. In hac habitasse platea dictumst. Etiam faucibus cursus urna.', '2020-11-03', 4, 3, 2);
insert into avaliacao (idavaliacao, nota, comentario, data, fk_atividade_idatividade, fk_evento_idevento, fk_pessoa_idpessoa) values (2, 10, 'Fusce posuere felis sed lacus. Morbi sem mauris, laoreet ut, rhoncus aliquet, pulvinar sed, nisl. Nunc rhoncus dui vel sem. Sed sagittis. Nam congue, risus semper porta volutpat, quam pede lobortis ligula, sit amet eleifend pede libero quis orci. Nullam molestie nibh in lectus. Pellentesque at nulla. Suspendisse potenti. Cras in purus eu magna vulputate luctus.', '2020-09-07', 5, 4, 1);
insert into avaliacao (idavaliacao, nota, comentario, data, fk_atividade_idatividade, fk_evento_idevento, fk_pessoa_idpessoa) values (3, 3, 'Vestibulum ante ipsum primis in faucibus orci luctus et ultrices posuere cubilia Curae; Mauris viverra diam vitae quam. Suspendisse potenti. Nullam porttitor lacus at turpis.', '2020-03-21', 5, 6, 2);
insert into avaliacao (idavaliacao, nota, comentario, data, fk_atividade_idatividade, fk_evento_idevento, fk_pessoa_idpessoa) values (4, 6, 'Phasellus sit amet erat. Nulla tempus. Vivamus in felis eu sapien cursus vestibulum.', '2020-07-20', 6, 3, 2);
insert into avaliacao (idavaliacao, nota, comentario, data, fk_atividade_idatividade, fk_evento_idevento, fk_pessoa_idpessoa) values (5, 8, 'Vestibulum quam sapien, varius ut, blandit non, interdum in, ante. Vestibulum ante ipsum primis in faucibus orci luctus et ultrices posuere cubilia Curae; Duis faucibus accumsan odio.', '2020-08-06', 6, 5, 2);
insert into avaliacao (idavaliacao, nota, comentario, data, fk_atividade_idatividade, fk_evento_idevento, fk_pessoa_idpessoa) values (6, 9, 'Etiam justo. Etiam pretium iaculis justo.', '2020-07-03', 6, 5, 5);
insert into avaliacao (idavaliacao, nota, comentario, data, fk_atividade_idatividade, fk_evento_idevento, fk_pessoa_idpessoa) values (7, 5, 'Vivamus vestibulum sagittis sapien. Cum sociis natoque penatibus et magnis dis parturient montes, nascetur ridiculus mus. Etiam vel augue. Vestibulum rutrum rutrum neque. Aenean auctor gravida sem. Praesent id massa id nisl venenatis lacinia. Aenean sit amet justo.', '2018-09-19', 5, 1, 1);
insert into avaliacao (idavaliacao, nota, comentario, data, fk_atividade_idatividade, fk_evento_idevento, fk_pessoa_idpessoa) values (8, 3, 'Vestibulum ante ipsum primis in faucibus orci luctus et ultrices posuere cubilia Curae; Nulla dapibus dolor vel est. Donec odio justo, sollicitudin ut, suscipit a, feugiat et, eros. Vestibulum ac est lacinia nisi venenatis tristique. Fusce congue, diam id ornare imperdiet, sapien urna pretium nisl, ut volutpat sapien arcu sed augue. Aliquam erat volutpat. In congue. Etiam justo.', '2019-03-23', 3, 6, 5);
insert into avaliacao (idavaliacao, nota, comentario, data, fk_atividade_idatividade, fk_evento_idevento, fk_pessoa_idpessoa) values (9, 1, 'Etiam faucibus cursus urna.', '2020-10-09', 4, 5, 3);
insert into avaliacao (idavaliacao, nota, comentario, data, fk_atividade_idatividade, fk_evento_idevento, fk_pessoa_idpessoa) values (10, 10, 'Vestibulum ante ipsum primis in faucibus orci luctus et ultrices posuere cubilia Curae; Mauris viverra diam vitae quam. Suspendisse potenti. Nullam porttitor lacus at turpis. Donec posuere metus vitae ipsum. Aliquam non mauris. Morbi non lectus. Aliquam sit amet diam in magna bibendum imperdiet. Nullam orci pede, venenatis non, sodales sed, tincidunt eu, felis.', '2020-04-02', 3, 5, 6);
insert into avaliacao (idavaliacao, nota, comentario, data, fk_atividade_idatividade, fk_evento_idevento, fk_pessoa_idpessoa) values (11, 7, 'Duis ac nibh.', '2019-03-14', 2, 2, 3);
insert into avaliacao (idavaliacao, nota, comentario, data, fk_atividade_idatividade, fk_evento_idevento, fk_pessoa_idpessoa) values (12, 8, 'Cras mi pede, malesuada in, imperdiet et, commodo vulputate, justo. In blandit ultrices enim. Lorem ipsum dolor sit amet, consectetuer adipiscing elit. Proin interdum mauris non ligula pellentesque ultrices.', '2018-12-19', 2, 4, 2);
insert into avaliacao (idavaliacao, nota, comentario, data, fk_atividade_idatividade, fk_evento_idevento, fk_pessoa_idpessoa) values (13, 7, 'Aliquam quis turpis eget elit sodales scelerisque. Mauris sit amet eros. Suspendisse accumsan tortor quis turpis. Sed ante. Vivamus tortor. Duis mattis egestas metus.', '2019-04-29', 6, 4, 6);
insert into avaliacao (idavaliacao, nota, comentario, data, fk_atividade_idatividade, fk_evento_idevento, fk_pessoa_idpessoa) values (14, 8, 'Integer aliquet, massa id lobortis convallis, tortor risus dapibus augue, vel accumsan tellus nisi eu orci. Mauris lacinia sapien quis libero. Nullam sit amet turpis elementum ligula vehicula consequat.', '2019-09-17', 4, 1, 2);
insert into avaliacao (idavaliacao, nota, comentario, data, fk_atividade_idatividade, fk_evento_idevento, fk_pessoa_idpessoa) values (15, 10, 'Maecenas ut massa quis augue luctus tincidunt. Nulla mollis molestie lorem. Quisque ut erat. Curabitur gravida nisi at nibh. In hac habitasse platea dictumst.', '2020-02-07', 2, 2, 5);
insert into avaliacao (idavaliacao, nota, comentario, data, fk_atividade_idatividade, fk_evento_idevento, fk_pessoa_idpessoa) values (16, 2, 'Nam nulla. Integer pede justo, lacinia eget, tincidunt eget, tempus vel, pede. Morbi porttitor lorem id ligula.', '2018-11-17', 6, 3, 4);
insert into avaliacao (idavaliacao, nota, comentario, data, fk_atividade_idatividade, fk_evento_idevento, fk_pessoa_idpessoa) values (17, 7, 'Duis bibendum, felis sed interdum venenatis, turpis enim blandit mi, in porttitor pede justo eu massa. Donec dapibus. Duis at velit eu est congue elementum. In hac habitasse platea dictumst. Morbi vestibulum, velit id pretium iaculis, diam erat fermentum justo, nec condimentum neque sapien placerat ante. Nulla justo. Aliquam quis turpis eget elit sodales scelerisque. Mauris sit amet eros. Suspendisse accumsan tortor quis turpis. Sed ante.', '2019-06-02', 1, 1, 3);
insert into avaliacao (idavaliacao, nota, comentario, data, fk_atividade_idatividade, fk_evento_idevento, fk_pessoa_idpessoa) values (18, 4, 'Morbi porttitor lorem id ligula. Suspendisse ornare consequat lectus. In est risus, auctor sed, tristique in, tempus sit amet, sem. Fusce consequat. Nulla nisl. Nunc nisl. Duis bibendum, felis sed interdum venenatis, turpis enim blandit mi, in porttitor pede justo eu massa. Donec dapibus.', '2019-12-24', 2, 3, 6);
insert into avaliacao (idavaliacao, nota, comentario, data, fk_atividade_idatividade, fk_evento_idevento, fk_pessoa_idpessoa) values (19, 8, 'Mauris enim leo, rhoncus sed, vestibulum sit amet, cursus id, turpis. Integer aliquet, massa id lobortis convallis, tortor risus dapibus augue, vel accumsan tellus nisi eu orci. Mauris lacinia sapien quis libero. Nullam sit amet turpis elementum ligula vehicula consequat. Morbi a ipsum.', '2019-11-20', 4, 4, 2);
insert into avaliacao (idavaliacao, nota, comentario, data, fk_atividade_idatividade, fk_evento_idevento, fk_pessoa_idpessoa) values (20, 6, 'Maecenas tristique, est et tempus semper, est quam pharetra magna, ac consequat metus sapien ut nunc. Vestibulum ante ipsum primis in faucibus orci luctus et ultrices posuere cubilia Curae; Mauris viverra diam vitae quam. Suspendisse potenti. Nullam porttitor lacus at turpis. Donec posuere metus vitae ipsum.', '2019-04-18', 3, 6, 5);
insert into avaliacao (idavaliacao, nota, comentario, data, fk_atividade_idatividade, fk_evento_idevento, fk_pessoa_idpessoa) values (21, 6, 'Donec odio justo, sollicitudin ut, suscipit a, feugiat et, eros. Vestibulum ac est lacinia nisi venenatis tristique. Fusce congue, diam id ornare imperdiet, sapien urna pretium nisl, ut volutpat sapien arcu sed augue.', '2019-07-31', 3, 6, 3);
insert into avaliacao (idavaliacao, nota, comentario, data, fk_atividade_idatividade, fk_evento_idevento, fk_pessoa_idpessoa) values (22, 2, 'Maecenas pulvinar lobortis est. Phasellus sit amet erat. Nulla tempus.', '2020-10-23', 5, 4, 2);
insert into avaliacao (idavaliacao, nota, comentario, data, fk_atividade_idatividade, fk_evento_idevento, fk_pessoa_idpessoa) values (23, 10, 'Duis aliquam convallis nunc. Proin at turpis a pede posuere nonummy. Integer non velit. Donec diam neque, vestibulum eget, vulputate ut, ultrices vel, augue. Vestibulum ante ipsum primis in faucibus orci luctus et ultrices posuere cubilia Curae; Donec pharetra, magna vestibulum aliquet ultrices, erat tortor sollicitudin mi, sit amet lobortis sapien sapien non mi. Integer ac neque. Duis bibendum. Morbi non quam nec dui luctus rutrum. Nulla tellus.', '2018-09-17', 1, 4, 2);
insert into avaliacao (idavaliacao, nota, comentario, data, fk_atividade_idatividade, fk_evento_idevento, fk_pessoa_idpessoa) values (24, 9, 'Donec odio justo, sollicitudin ut, suscipit a, feugiat et, eros. Vestibulum ac est lacinia nisi venenatis tristique. Fusce congue, diam id ornare imperdiet, sapien urna pretium nisl, ut volutpat sapien arcu sed augue. Aliquam erat volutpat. In congue. Etiam justo.', '2019-12-30', 2, 2, 3);
insert into avaliacao (idavaliacao, nota, comentario, data, fk_atividade_idatividade, fk_evento_idevento, fk_pessoa_idpessoa) values (25, 7, 'Nunc rhoncus dui vel sem. Sed sagittis. Nam congue, risus semper porta volutpat, quam pede lobortis ligula, sit amet eleifend pede libero quis orci.', '2019-11-03', 2, 3, 3);
insert into avaliacao (idavaliacao, nota, comentario, data, fk_atividade_idatividade, fk_evento_idevento, fk_pessoa_idpessoa) values (26, 1, 'Nulla facilisi. Cras non velit nec nisi vulputate nonummy. Maecenas tincidunt lacus at velit. Vivamus vel nulla eget eros elementum pellentesque. Quisque porta volutpat erat.', '2020-09-09', 6, 1, 1);
insert into avaliacao (idavaliacao, nota, comentario, data, fk_atividade_idatividade, fk_evento_idevento, fk_pessoa_idpessoa) values (27, 2, 'Morbi ut odio. Cras mi pede, malesuada in, imperdiet et, commodo vulputate, justo. In blandit ultrices enim. Lorem ipsum dolor sit amet, consectetuer adipiscing elit.', '2019-01-04', 5, 2, 2);
insert into avaliacao (idavaliacao, nota, comentario, data, fk_atividade_idatividade, fk_evento_idevento, fk_pessoa_idpessoa) values (28, 2, 'Nulla tempus. Vivamus in felis eu sapien cursus vestibulum. Proin eu mi. Nulla ac enim. In tempor, turpis nec euismod scelerisque, quam turpis adipiscing lorem, vitae mattis nibh ligula nec sem.', '2019-04-19', 2, 6, 5);
insert into avaliacao (idavaliacao, nota, comentario, data, fk_atividade_idatividade, fk_evento_idevento, fk_pessoa_idpessoa) values (29, 2, 'Duis bibendum. Morbi non quam nec dui luctus rutrum. Nulla tellus. In sagittis dui vel nisl. Duis ac nibh.', '2020-04-02', 3, 6, 1);
insert into avaliacao (idavaliacao, nota, comentario, data, fk_atividade_idatividade, fk_evento_idevento, fk_pessoa_idpessoa) values (30, 2, 'Cras non velit nec nisi vulputate nonummy. Maecenas tincidunt lacus at velit. Vivamus vel nulla eget eros elementum pellentesque. Quisque porta volutpat erat. Quisque erat eros, viverra eget, congue eget, semper rutrum, nulla. Nunc purus. Phasellus in felis. Donec semper sapien a libero.', '2020-07-19', 3, 5, 2);

insert into concorridopor  (fk_concurso_fk_atividade_idatividade, fk_papel_idpapel) values (6, 6);
insert into concorridopor  (fk_concurso_fk_atividade_idatividade, fk_papel_idpapel) values (4, 4);
insert into concorridopor  (fk_concurso_fk_atividade_idatividade, fk_papel_idpapel) values (1, 3);
insert into concorridopor  (fk_concurso_fk_atividade_idatividade, fk_papel_idpapel) values (4, 4);
insert into concorridopor  (fk_concurso_fk_atividade_idatividade, fk_papel_idpapel) values (3, 4);
insert into concorridopor  (fk_concurso_fk_atividade_idatividade, fk_papel_idpapel) values (5, 2);

insert into juizadopor (fk_concurso_fk_atividade_idatividade, fk_papel_idpapel) values (8, 8);
insert into juizadopor (fk_concurso_fk_atividade_idatividade, fk_papel_idpapel) values (2, 9);
insert into juizadopor (fk_concurso_fk_atividade_idatividade, fk_papel_idpapel) values (2, 7);
insert into juizadopor (fk_concurso_fk_atividade_idatividade, fk_papel_idpapel) values (1, 7);
insert into juizadopor (fk_concurso_fk_atividade_idatividade, fk_papel_idpapel) values (3, 8);
insert into juizadopor (fk_concurso_fk_atividade_idatividade, fk_papel_idpapel) values (6, 8);

insert into conselhos (funcao, fk_entidade_identidade) values ('Support', 1);
insert into conselhos (funcao, fk_entidade_identidade) values ('Sales', 2);
insert into conselhos (funcao, fk_entidade_identidade) values ('Product Management', 2);
insert into conselhos (funcao, fk_entidade_identidade) values ('Research and Development', 5);
insert into conselhos (funcao, fk_entidade_identidade) values ('Training', 1);

insert into contasapagar (idcontas, valor, descricao, fk_atividade_idatividade, fk_evento_idevento) values (1, 9046.66, 'Ut at dolor quis odio consequat varius.', null, 2);
insert into contasapagar (idcontas, valor, descricao, fk_atividade_idatividade, fk_evento_idevento) values (2, 1067.36, 'Nam nulla. Integer pede justo, lacinia eget, tincidunt eget, tempus vel, pede.', 2, null);
insert into contasapagar (idcontas, valor, descricao, fk_atividade_idatividade, fk_evento_idevento) values (3, 3625.32, 'Nulla justo. Aliquam quis turpis eget elit sodales scelerisque.', 3, null);
insert into contasapagar (idcontas, valor, descricao, fk_atividade_idatividade, fk_evento_idevento) values (4, 3982.15, 'Integer pede justo, lacinia eget, tincidunt eget, tempus vel, pede.', null, 7);
insert into contasapagar (idcontas, valor, descricao, fk_atividade_idatividade, fk_evento_idevento) values (5, 2169.87, 'Cras in purus eu magna vulputate luctus.', null, 5);
insert into contasapagar (idcontas, valor, descricao, fk_atividade_idatividade, fk_evento_idevento) values (6, 4458.55, 'Curabitur in libero ut massa volutpat convallis. Morbi odio odio, elementum eu, interdum eu, tincidunt in, leo.', null, 10);
insert into contasapagar (idcontas, valor, descricao, fk_atividade_idatividade, fk_evento_idevento) values (7, 4607.41, 'Integer aliquet, massa id lobortis convallis, tortor risus dapibus augue, vel accumsan tellus nisi eu orci.', null, 4);
insert into contasapagar (idcontas, valor, descricao, fk_atividade_idatividade, fk_evento_idevento) values (8, 4538.62, 'Lorem ipsum dolor sit amet, consectetuer adipiscing elit. Proin interdum mauris non ligula pellentesque ultrices.', null, 10);
insert into contasapagar (idcontas, valor, descricao, fk_atividade_idatividade, fk_evento_idevento) values (9, 1589.41, 'Nam ultrices, libero non mattis pulvinar, nulla pede ullamcorper augue, a suscipit nulla elit ac nulla.', 6, null);
insert into contasapagar (idcontas, valor, descricao, fk_atividade_idatividade, fk_evento_idevento) values (10, 8105.38, 'Pellentesque viverra pede ac diam. Cras pellentesque volutpat dui.', null, 8);
insert into contasapagar (idcontas, valor, descricao, fk_atividade_idatividade, fk_evento_idevento) values (11, 2032.15, 'Lorem ipsum dolor sit amet, consectetuer adipiscing elit. Proin interdum mauris non ligula pellentesque ultrices.', null, 8);
insert into contasapagar (idcontas, valor, descricao, fk_atividade_idatividade, fk_evento_idevento) values (12, 8677.13, 'Morbi vestibulum, velit id pretium iaculis, diam erat fermentum justo, nec condimentum neque sapien placerat ante.', null, 4);
insert into contasapagar (idcontas, valor, descricao, fk_atividade_idatividade, fk_evento_idevento) values (13, 6857.09, 'In hac habitasse platea dictumst.', null, 1);
insert into contasapagar (idcontas, valor, descricao, fk_atividade_idatividade, fk_evento_idevento) values (14, 1954.4, 'Vivamus vestibulum sagittis sapien. Cum sociis natoque penatibus et magnis dis parturient montes, nascetur ridiculus mus.', 3, null);
insert into contasapagar (idcontas, valor, descricao, fk_atividade_idatividade, fk_evento_idevento) values (15, 2806.66, 'In quis justo.', 9, null);
insert into contasapagar (idcontas, valor, descricao, fk_atividade_idatividade, fk_evento_idevento) values (16, 8138.74, 'Proin at turpis a pede posuere nonummy.', null, 2);
insert into contasapagar (idcontas, valor, descricao, fk_atividade_idatividade, fk_evento_idevento) values (17, 9321.18, 'Vestibulum sed magna at nunc commodo placerat.', 10, null);
insert into contasapagar (idcontas, valor, descricao, fk_atividade_idatividade, fk_evento_idevento) values (18, 8315.84, 'Nunc rhoncus dui vel sem.', null, 8);
insert into contasapagar (idcontas, valor, descricao, fk_atividade_idatividade, fk_evento_idevento) values (19, 1166.02, 'Aliquam augue quam, sollicitudin vitae, consectetuer eget, rutrum at, lorem. Integer tincidunt ante vel ipsum.', null, 2);
insert into contasapagar (idcontas, valor, descricao, fk_atividade_idatividade, fk_evento_idevento) values (20, 3988.57, 'Quisque id justo sit amet sapien dignissim vestibulum.', 3, null);
insert into contasapagar (idcontas, valor, descricao, fk_atividade_idatividade, fk_evento_idevento) values (21, 7321.67, 'Curabitur in libero ut massa volutpat convallis. Morbi odio odio, elementum eu, interdum eu, tincidunt in, leo.', null, 4);
insert into contasapagar (idcontas, valor, descricao, fk_atividade_idatividade, fk_evento_idevento) values (22, 3638.25, 'In hac habitasse platea dictumst.', null, 1);
insert into contasapagar (idcontas, valor, descricao, fk_atividade_idatividade, fk_evento_idevento) values (23, 7741.62, 'Quisque porta volutpat erat.', null, 4);
insert into contasapagar (idcontas, valor, descricao, fk_atividade_idatividade, fk_evento_idevento) values (24, 9353.05, 'Maecenas pulvinar lobortis est. Phasellus sit amet erat.', 7, null);
insert into contasapagar (idcontas, valor, descricao, fk_atividade_idatividade, fk_evento_idevento) values (25, 7883.03, 'Quisque ut erat.', null, 4);
insert into contasapagar (idcontas, valor, descricao, fk_atividade_idatividade, fk_evento_idevento) values (26, 297.63, 'In hac habitasse platea dictumst. Morbi vestibulum, velit id pretium iaculis, diam erat fermentum justo, nec condimentum neque sapien placerat ante.', null, 8);
insert into contasapagar (idcontas, valor, descricao, fk_atividade_idatividade, fk_evento_idevento) values (27, 7984.06, 'Duis mattis egestas metus.', null, 3);
insert into contasapagar (idcontas, valor, descricao, fk_atividade_idatividade, fk_evento_idevento) values (28, 6127.23, 'Morbi quis tortor id nulla ultrices aliquet. Maecenas leo odio, condimentum id, luctus nec, molestie sed, justo.', 10, null);
insert into contasapagar (idcontas, valor, descricao, fk_atividade_idatividade, fk_evento_idevento) values (29, 679.57, 'Suspendisse potenti. Cras in purus eu magna vulputate luctus.', null, 10);
insert into contasapagar (idcontas, valor, descricao, fk_atividade_idatividade, fk_evento_idevento) values (30, 8886.03, 'Cum sociis natoque penatibus et magnis dis parturient montes, nascetur ridiculus mus. Etiam vel augue.', 10, null);

insert into desconta (fk_taxa_idtaxa, fk_desconto_iddesconto) values (9, 11);
insert into desconta (fk_taxa_idtaxa, fk_desconto_iddesconto) values (4, 3);
insert into desconta (fk_taxa_idtaxa, fk_desconto_iddesconto) values (4, 7);
insert into desconta (fk_taxa_idtaxa, fk_desconto_iddesconto) values (1, 11);
insert into desconta (fk_taxa_idtaxa, fk_desconto_iddesconto) values (1, 7);
insert into desconta (fk_taxa_idtaxa, fk_desconto_iddesconto) values (2, 8);
insert into desconta (fk_taxa_idtaxa, fk_desconto_iddesconto) values (5, 4);
insert into desconta (fk_taxa_idtaxa, fk_desconto_iddesconto) values (1, 7);
insert into desconta (fk_taxa_idtaxa, fk_desconto_iddesconto) values (9, 7);

insert into empresa (cnpj, razaosocial, fk_entidade_identidade) values ('42.855.758/0001-01', 'ALK-Abello, Inc.', 4);
insert into empresa (cnpj, razaosocial, fk_entidade_identidade) values ('10.511.691/0001-86', 'Pharmacist Pharmaceutical, LLC', 2);
insert into empresa (cnpj, razaosocial, fk_entidade_identidade) values ('33.125.651/0001-61', 'GlaxoSmithKline LLC', 6);
insert into empresa (cnpj, razaosocial, fk_entidade_identidade) values ('22.498.822/0001-51', 'TYA Pharmaceuticals', 1);
insert into empresa (cnpj, razaosocial, fk_entidade_identidade) values ('44.679.763/0001-30', 'Allermed Laboratories, Inc.', 2);
insert into empresa (cnpj, razaosocial, fk_entidade_identidade) values ('64.513.906/0001-60', 'Apotheca Company', 6);

insert into entidadecompostaporpessoa (fk_pessoa_idpessoa, fk_entidade_identidade) values (19, 17);
insert into entidadecompostaporpessoa (fk_pessoa_idpessoa, fk_entidade_identidade) values (9, 20);
insert into entidadecompostaporpessoa (fk_pessoa_idpessoa, fk_entidade_identidade) values (18, 1);
insert into entidadecompostaporpessoa (fk_pessoa_idpessoa, fk_entidade_identidade) values (20, 20);
insert into entidadecompostaporpessoa (fk_pessoa_idpessoa, fk_entidade_identidade) values (20, 6);
insert into entidadecompostaporpessoa (fk_pessoa_idpessoa, fk_entidade_identidade) values (11, 16);
insert into entidadecompostaporpessoa (fk_pessoa_idpessoa, fk_entidade_identidade) values (13, 16);
insert into entidadecompostaporpessoa (fk_pessoa_idpessoa, fk_entidade_identidade) values (10, 14);
insert into entidadecompostaporpessoa (fk_pessoa_idpessoa, fk_entidade_identidade) values (5, 16);
insert into entidadecompostaporpessoa (fk_pessoa_idpessoa, fk_entidade_identidade) values (11, 17);
insert into entidadecompostaporpessoa (fk_pessoa_idpessoa, fk_entidade_identidade) values (20, 14);
insert into entidadecompostaporpessoa (fk_pessoa_idpessoa, fk_entidade_identidade) values (13, 8);
insert into entidadecompostaporpessoa (fk_pessoa_idpessoa, fk_entidade_identidade) values (19, 12);
insert into entidadecompostaporpessoa (fk_pessoa_idpessoa, fk_entidade_identidade) values (19, 3);
insert into entidadecompostaporpessoa (fk_pessoa_idpessoa, fk_entidade_identidade) values (5, 7);
insert into entidadecompostaporpessoa (fk_pessoa_idpessoa, fk_entidade_identidade) values (18, 5);
insert into entidadecompostaporpessoa (fk_pessoa_idpessoa, fk_entidade_identidade) values (6, 9);
insert into entidadecompostaporpessoa (fk_pessoa_idpessoa, fk_entidade_identidade) values (8, 17);
insert into entidadecompostaporpessoa (fk_pessoa_idpessoa, fk_entidade_identidade) values (19, 16);
insert into entidadecompostaporpessoa (fk_pessoa_idpessoa, fk_entidade_identidade) values (18, 12);

insert into entidadecontribuievento (fk_entidade_identidade, fk_evento_idevento, tipo) values (15, 3, 'patrocinio');
insert into entidadecontribuievento (fk_entidade_identidade, fk_evento_idevento, tipo) values (9, 6, 'promocao');
insert into entidadecontribuievento (fk_entidade_identidade, fk_evento_idevento, tipo) values (18, 5, 'patrocinio');
insert into entidadecontribuievento (fk_entidade_identidade, fk_evento_idevento, tipo) values (10, 4, 'realizacao');
insert into entidadecontribuievento (fk_entidade_identidade, fk_evento_idevento, tipo) values (4, 2, 'promocao');
insert into entidadecontribuievento (fk_entidade_identidade, fk_evento_idevento, tipo) values (17, 3, 'promocao');
insert into entidadecontribuievento (fk_entidade_identidade, fk_evento_idevento, tipo) values (16, 3, 'realizacao');
insert into entidadecontribuievento (fk_entidade_identidade, fk_evento_idevento, tipo) values (18, 3, 'promocao');
insert into entidadecontribuievento (fk_entidade_identidade, fk_evento_idevento, tipo) values (7, 4, 'promocao');
insert into entidadecontribuievento (fk_entidade_identidade, fk_evento_idevento, tipo) values (13, 8, 'promocao');
insert into entidadecontribuievento (fk_entidade_identidade, fk_evento_idevento, tipo) values (4, 5, 'promocao');
insert into entidadecontribuievento (fk_entidade_identidade, fk_evento_idevento, tipo) values (10, 10, 'promocao');
insert into entidadecontribuievento (fk_entidade_identidade, fk_evento_idevento, tipo) values (3, 9, 'patrocinio');
insert into entidadecontribuievento (fk_entidade_identidade, fk_evento_idevento, tipo) values (15, 3, 'promocao');
insert into entidadecontribuievento (fk_entidade_identidade, fk_evento_idevento, tipo) values (20, 6, 'realizacao');
insert into entidadecontribuievento (fk_entidade_identidade, fk_evento_idevento, tipo) values (9, 5, 'patrocinio');
insert into entidadecontribuievento (fk_entidade_identidade, fk_evento_idevento, tipo) values (14, 10, 'realizacao');
insert into entidadecontribuievento (fk_entidade_identidade, fk_evento_idevento, tipo) values (11, 1, 'realizacao');
insert into entidadecontribuievento (fk_entidade_identidade, fk_evento_idevento, tipo) values (2, 6, 'realizacao');
insert into entidadecontribuievento (fk_entidade_identidade, fk_evento_idevento, tipo) values (12, 9, 'promocao');

insert into entidadepromoveatividade (fk_entidade_identidade, fk_atividade_idatividade) values (3, 18);
insert into entidadepromoveatividade (fk_entidade_identidade, fk_atividade_idatividade) values (6, 1);
insert into entidadepromoveatividade (fk_entidade_identidade, fk_atividade_idatividade) values (9, 24);
insert into entidadepromoveatividade (fk_entidade_identidade, fk_atividade_idatividade) values (7, 28);
insert into entidadepromoveatividade (fk_entidade_identidade, fk_atividade_idatividade) values (13, 22);
insert into entidadepromoveatividade (fk_entidade_identidade, fk_atividade_idatividade) values (20, 28);
insert into entidadepromoveatividade (fk_entidade_identidade, fk_atividade_idatividade) values (11, 13);
insert into entidadepromoveatividade (fk_entidade_identidade, fk_atividade_idatividade) values (6, 6);
insert into entidadepromoveatividade (fk_entidade_identidade, fk_atividade_idatividade) values (20, 29);
insert into entidadepromoveatividade (fk_entidade_identidade, fk_atividade_idatividade) values (2, 2);

insert into estacaometro (linha, fk_pontodetransporte_idpontodepartida) values ('linha 1 azul', 1);
insert into estacaometro (linha, fk_pontodetransporte_idpontodepartida) values ('linha 2 verde', 2);
insert into estacaometro (linha, fk_pontodetransporte_idpontodepartida) values ('linha 3 vermelha', 3);
insert into estacaometro (linha, fk_pontodetransporte_idpontodepartida) values ('linha 4 amarela', 4);
insert into estacaometro (linha, fk_pontodetransporte_idpontodepartida) values ('linha 5 lilas', 5);
insert into estacaometro (linha, fk_pontodetransporte_idpontodepartida) values ('linha 7 rubi', 6);
insert into estacaometro (linha, fk_pontodetransporte_idpontodepartida) values ('linha 9 esmeralda', 7);

insert into restaurante (estrelas, tipoculinaria, fk_pontodetransporte_idpontodepartida) values (3, 'Indonesia', 8);
insert into restaurante (estrelas, tipoculinaria, fk_pontodetransporte_idpontodepartida) values (4, 'Tanzania', 9);
insert into restaurante (estrelas, tipoculinaria, fk_pontodetransporte_idpontodepartida) values (5, 'Indonesia', 10);
insert into restaurante (estrelas, tipoculinaria, fk_pontodetransporte_idpontodepartida) values (4, 'China', 11);
insert into restaurante (estrelas, tipoculinaria, fk_pontodetransporte_idpontodepartida) values (5, 'Pakistan', 12);
insert into restaurante (estrelas, tipoculinaria, fk_pontodetransporte_idpontodepartida) values (5, 'Brazil', 13);

insert into hotel (estrelas, quartos, fk_pontodetransporte_idpontodepartida) values (5, 100, 14);
insert into hotel (estrelas, quartos, fk_pontodetransporte_idpontodepartida) values (3, 44, 15);
insert into hotel (estrelas, quartos, fk_pontodetransporte_idpontodepartida) values (4, 107, 16);
insert into hotel (estrelas, quartos, fk_pontodetransporte_idpontodepartida) values (4, 118, 17);
insert into hotel (estrelas, quartos, fk_pontodetransporte_idpontodepartida) values (4, 44, 18);

insert into plataforma (idplataforma, nome, descricao, fk_evento_idevento) values (1, 'West, Medhurst and Pfannerstill', 'Morbi quis tortor id nulla ultrices aliquet. Maecenas leo odio, condimentum id, luctus nec, molestie sed, justo.', 1);
insert into plataforma (idplataforma, nome, descricao, fk_evento_idevento) values (2, 'Macejkovic-Kemmer', 'In hac habitasse platea dictumst.', 9);
insert into plataforma (idplataforma, nome, descricao, fk_evento_idevento) values (3, 'Auer Inc', 'Vestibulum sed magna at nunc commodo placerat.', 1);
insert into plataforma (idplataforma, nome, descricao, fk_evento_idevento) values (4, 'Hammes, Conn and Muller', 'Nam nulla.', 10);
insert into plataforma (idplataforma, nome, descricao, fk_evento_idevento) values (5, 'Rogahn, Hagenes and Kling', 'Nullam porttitor lacus at turpis.', 2);
insert into plataforma (idplataforma, nome, descricao, fk_evento_idevento) values (6, 'Simonis and Sons', 'Nam nulla.', 9);
insert into plataforma (idplataforma, nome, descricao, fk_evento_idevento) values (7, 'Considine, Braun and King', 'Cum sociis natoque penatibus et magnis dis parturient montes, nascetur ridiculus mus. Vivamus vestibulum sagittis sapien.', 7);
insert into plataforma (idplataforma, nome, descricao, fk_evento_idevento) values (8, 'Rice-Strosin', 'Sed ante. Vivamus tortor.', 5);
insert into plataforma (idplataforma, nome, descricao, fk_evento_idevento) values (9, 'Ledner LLC', 'Proin risus.', 9);
insert into plataforma (idplataforma, nome, descricao, fk_evento_idevento) values (10, 'Rosenbaum, Wintheiser and Haag', 'Quisque erat eros, viverra eget, congue eget, semper rutrum, nulla. Nunc purus.', 8);
insert into plataforma (idplataforma, nome, descricao, fk_evento_idevento) values (11, 'Herzog LLC', 'Praesent lectus.', 7);
insert into plataforma (idplataforma, nome, descricao, fk_evento_idevento) values (12, 'Kling, Nicolas and Jenkins', 'Praesent lectus.', 5);
insert into plataforma (idplataforma, nome, descricao, fk_evento_idevento) values (13, 'Keebler LLC', 'Fusce lacus purus, aliquet at, feugiat non, pretium quis, lectus.', 10);
insert into plataforma (idplataforma, nome, descricao, fk_evento_idevento) values (14, 'Medhurst LLC', 'Nullam porttitor lacus at turpis.', 5);

insert into portalvirtual (portal, senha, fk_plataforma_idplataforma) values ('Y-find', 'dh13A8L', 1);
insert into portalvirtual (portal, senha, fk_plataforma_idplataforma) values ('Duobam', null, 2);
insert into portalvirtual (portal, senha, fk_plataforma_idplataforma) values ('Home Ing', 'NyT1TRSc', 3);
insert into portalvirtual (portal, senha, fk_plataforma_idplataforma) values ('Stim', 'SnfNqOw2ZCX', 4);
insert into portalvirtual (portal, senha, fk_plataforma_idplataforma) values ('Biodex', 'xPKxzg12', 5);
insert into portalvirtual (portal, senha, fk_plataforma_idplataforma) values ('Temp', 'fHhSvmtYQmKx', 6);
insert into portalvirtual (portal, senha, fk_plataforma_idplataforma) values ('Tin', 'CtijG4mPhiGu', 7);

insert into localfisico (telefone, endereco, capacidadetotal, fk_plataforma_idplataforma) values ('+55(54)97188-5251', '159 Sunbrook Trail', 724, 8);
insert into localfisico (telefone, endereco, capacidadetotal, fk_plataforma_idplataforma) values ('+55(51)92929-0131', '435 Clyde Gallagher Way', 764, 9);
insert into localfisico (telefone, endereco, capacidadetotal, fk_plataforma_idplataforma) values ('+55(58)92197-8456', '47186 Lindbergh Center', 656, 10);
insert into localfisico (telefone, endereco, capacidadetotal, fk_plataforma_idplataforma) values ('+55(63)92304-1921', '8478 Macpherson Avenue', 737, 11);
insert into localfisico (telefone, endereco, capacidadetotal, fk_plataforma_idplataforma) values ('+55(23)99493-2326', '37404 Heath Point', 550, 12);
insert into localfisico (telefone, endereco, capacidadetotal, fk_plataforma_idplataforma) values ('+55(09)94988-6230', '0636 Dunning Street', 794, 13);
insert into localfisico (telefone, endereco, capacidadetotal, fk_plataforma_idplataforma) values ('+55(78)99102-5215', '462 Coleman Plaza', 778, 14);

insert into instalacao (idinstalacao, nome, tipo, capacidade, fk_localfisico_fk_plataforma_idplataforma) values (1, 'Cracked Lichen', 'auditorio', 23, 11);
insert into instalacao (idinstalacao, nome, tipo, capacidade, fk_localfisico_fk_plataforma_idplataforma) values (2, 'Hester''s Foxtail Cactus', 'auditorio', 25, 8);
insert into instalacao (idinstalacao, nome, tipo, capacidade, fk_localfisico_fk_plataforma_idplataforma) values (3, 'Staggerbush', 'estudio', 42, 14);
insert into instalacao (idinstalacao, nome, tipo, capacidade, fk_localfisico_fk_plataforma_idplataforma) values (4, 'Jamaican Lellingeria', 'estudio', 47, 10);
insert into instalacao (idinstalacao, nome, tipo, capacidade, fk_localfisico_fk_plataforma_idplataforma) values (5, 'Tarweed', 'showroom', 38, 12);
insert into instalacao (idinstalacao, nome, tipo, capacidade, fk_localfisico_fk_plataforma_idplataforma) values (6, 'Willowherb', 'auditorio', 11, 10);
insert into instalacao (idinstalacao, nome, tipo, capacidade, fk_localfisico_fk_plataforma_idplataforma) values (7, 'Trailing St. Johnswort', 'estudio', 47, 8);
insert into instalacao (idinstalacao, nome, tipo, capacidade, fk_localfisico_fk_plataforma_idplataforma) values (8, 'Purplewhite Owl''s-clover', 'showroom', 49, 9);
insert into instalacao (idinstalacao, nome, tipo, capacidade, fk_localfisico_fk_plataforma_idplataforma) values (9, 'San Antonio Bluestar', 'laboratio', 35, 10);
insert into instalacao (idinstalacao, nome, tipo, capacidade, fk_localfisico_fk_plataforma_idplataforma) values (10, 'Cup Lichen', 'estudio', 38, 12);
insert into instalacao (idinstalacao, nome, tipo, capacidade, fk_localfisico_fk_plataforma_idplataforma) values (11, 'Sticky Liveforever', 'sala de descanso', 27, 11);
insert into instalacao (idinstalacao, nome, tipo, capacidade, fk_localfisico_fk_plataforma_idplataforma) values (12, 'Script Lichen', 'auditorio', 24, 13);
insert into instalacao (idinstalacao, nome, tipo, capacidade, fk_localfisico_fk_plataforma_idplataforma) values (13, 'Dobie Pod', 'laboratio', 17, 14);
insert into instalacao (idinstalacao, nome, tipo, capacidade, fk_localfisico_fk_plataforma_idplataforma) values (14, 'Hooker''s Milkwort', 'sala de reuniao', 18, 13);
insert into instalacao (idinstalacao, nome, tipo, capacidade, fk_localfisico_fk_plataforma_idplataforma) values (15, 'Vetivergrass', 'auditorio', 13, 13);
insert into instalacao (idinstalacao, nome, tipo, capacidade, fk_localfisico_fk_plataforma_idplataforma) values (16, 'Puerto Rico Maiden Fern', 'estudio', 37, 10);
insert into instalacao (idinstalacao, nome, tipo, capacidade, fk_localfisico_fk_plataforma_idplataforma) values (17, 'Singleleaf Ash', 'estudio', 27, 9);
insert into instalacao (idinstalacao, nome, tipo, capacidade, fk_localfisico_fk_plataforma_idplataforma) values (18, 'Southern Flatsedge', 'laboratio', 40, 11);
insert into instalacao (idinstalacao, nome, tipo, capacidade, fk_localfisico_fk_plataforma_idplataforma) values (19, 'Spinster''s Blue Eyed Mary', 'sala de reuniao', 12, 10);
insert into instalacao (idinstalacao, nome, tipo, capacidade, fk_localfisico_fk_plataforma_idplataforma) values (20, 'Butterwort', 'estudio', 39, 12);
insert into instalacao (idinstalacao, nome, tipo, capacidade, fk_localfisico_fk_plataforma_idplataforma) values (21, 'Mago', 'laboratio', 45, 14);
insert into instalacao (idinstalacao, nome, tipo, capacidade, fk_localfisico_fk_plataforma_idplataforma) values (22, 'Sand Hickory', 'showroom', 19, 8);
insert into instalacao (idinstalacao, nome, tipo, capacidade, fk_localfisico_fk_plataforma_idplataforma) values (23, 'Malpighia', 'sala de descanso', 27, 13);
insert into instalacao (idinstalacao, nome, tipo, capacidade, fk_localfisico_fk_plataforma_idplataforma) values (24, 'Cooper''s Goldenbush', 'estudio', 41, 14);
insert into instalacao (idinstalacao, nome, tipo, capacidade, fk_localfisico_fk_plataforma_idplataforma) values (25, 'Spotted Bean', 'auditorio', 49, 9);
insert into instalacao (idinstalacao, nome, tipo, capacidade, fk_localfisico_fk_plataforma_idplataforma) values (26, 'Farewell To Spring', 'laboratio', 16, 10);
insert into instalacao (idinstalacao, nome, tipo, capacidade, fk_localfisico_fk_plataforma_idplataforma) values (27, 'Catnip', 'sala de descanso', 40, 10);
insert into instalacao (idinstalacao, nome, tipo, capacidade, fk_localfisico_fk_plataforma_idplataforma) values (28, 'Cup Lichen', 'auditorio', 29, 11);
insert into instalacao (idinstalacao, nome, tipo, capacidade, fk_localfisico_fk_plataforma_idplataforma) values (29, 'Lyon''s Pygmydaisy', 'laboratio', 36, 14);
insert into instalacao (idinstalacao, nome, tipo, capacidade, fk_localfisico_fk_plataforma_idplataforma) values (30, 'Ironweed', 'laboratio', 34, 11);
insert into instalacao (idinstalacao, nome, tipo, capacidade, fk_localfisico_fk_plataforma_idplataforma) values (31, 'Fissidens Moss', 'estudio', 11, 12);
insert into instalacao (idinstalacao, nome, tipo, capacidade, fk_localfisico_fk_plataforma_idplataforma) values (32, 'Bagflower', 'auditorio', 22, 11);
insert into instalacao (idinstalacao, nome, tipo, capacidade, fk_localfisico_fk_plataforma_idplataforma) values (33, 'Smallflower Miterwort', 'sala de descanso', 39, 10);
insert into instalacao (idinstalacao, nome, tipo, capacidade, fk_localfisico_fk_plataforma_idplataforma) values (34, 'Thimblehead', 'sala de descanso', 14, 9);
insert into instalacao (idinstalacao, nome, tipo, capacidade, fk_localfisico_fk_plataforma_idplataforma) values (35, 'Moapa Bladderpod', 'laboratio', 18, 9);
insert into instalacao (idinstalacao, nome, tipo, capacidade, fk_localfisico_fk_plataforma_idplataforma) values (36, 'Vervain', 'sala de descanso', 14, 12);
insert into instalacao (idinstalacao, nome, tipo, capacidade, fk_localfisico_fk_plataforma_idplataforma) values (37, 'Manyflower Linanthus', 'sala de descanso', 23, 13);
insert into instalacao (idinstalacao, nome, tipo, capacidade, fk_localfisico_fk_plataforma_idplataforma) values (38, 'Fringed Orchid', 'laboratio', 33, 14);
insert into instalacao (idinstalacao, nome, tipo, capacidade, fk_localfisico_fk_plataforma_idplataforma) values (39, 'Glandular Phacelia', 'laboratio', 13, 14);
insert into instalacao (idinstalacao, nome, tipo, capacidade, fk_localfisico_fk_plataforma_idplataforma) values (40, 'Dot Lichen', 'showroom', 42, 9);
insert into instalacao (idinstalacao, nome, tipo, capacidade, fk_localfisico_fk_plataforma_idplataforma) values (41, 'Oldwoman', 'auditorio', 30, 8);
insert into instalacao (idinstalacao, nome, tipo, capacidade, fk_localfisico_fk_plataforma_idplataforma) values (42, 'Kern''s Pitted Onion', 'laboratio', 47, 12);
insert into instalacao (idinstalacao, nome, tipo, capacidade, fk_localfisico_fk_plataforma_idplataforma) values (43, 'Spreading False Pimpernel', 'laboratio', 47, 9);
insert into instalacao (idinstalacao, nome, tipo, capacidade, fk_localfisico_fk_plataforma_idplataforma) values (44, 'Phascum Moss', 'showroom', 12, 9);
insert into instalacao (idinstalacao, nome, tipo, capacidade, fk_localfisico_fk_plataforma_idplataforma) values (45, 'Alaskan Wheatgrass', 'laboratio', 43, 13);
insert into instalacao (idinstalacao, nome, tipo, capacidade, fk_localfisico_fk_plataforma_idplataforma) values (46, 'Basin Bladderpod', 'showroom', 15, 13);
insert into instalacao (idinstalacao, nome, tipo, capacidade, fk_localfisico_fk_plataforma_idplataforma) values (47, 'Annual Desert Milkvetch', 'sala de descanso', 30, 9);
insert into instalacao (idinstalacao, nome, tipo, capacidade, fk_localfisico_fk_plataforma_idplataforma) values (48, 'Sapphire Woollystar', 'sala de reuniao', 28, 10);
insert into instalacao (idinstalacao, nome, tipo, capacidade, fk_localfisico_fk_plataforma_idplataforma) values (49, 'Chiodecton Lichen', 'sala de reuniao', 50, 14);
insert into instalacao (idinstalacao, nome, tipo, capacidade, fk_localfisico_fk_plataforma_idplataforma) values (50, 'Elegant Zinnia', 'laboratio', 47, 10);

insert into grupomusical (idgrupomusical, nome, biografia, origem) values (1, 'Amlodipine besylate and Atorvastatin calcium', 'Phasellus sit amet erat. Nulla tempus.', 'Peru');
insert into grupomusical (idgrupomusical, nome, biografia, origem) values (2, 'Lotensin HCT', 'Maecenas pulvinar lobortis est. Phasellus sit amet erat. Nulla tempus.', 'Canada');
insert into grupomusical (idgrupomusical, nome, biografia, origem) values (3, 'Maalox', 'Sed ante. Vivamus tortor. Duis mattis egestas metus.', 'Croatia');
insert into grupomusical (idgrupomusical, nome, biografia, origem) values (4, 'Beef Liver', 'Fusce consequat. Nulla nisl. Nunc nisl.', 'Brazil');
insert into grupomusical (idgrupomusical, nome, biografia, origem) values (5, 'CARBON DIOXIDE', 'Ut tellus. Nulla ut erat id mauris vulputate elementum. Nullam varius.', 'Peru');
insert into grupomusical (idgrupomusical, nome, biografia, origem) values (6, 'ORTHO TRI CYCLEN Lo', 'Duis bibendum, felis sed interdum venenatis, turpis enim blandit mi, in porttitor pede justo eu massa.', 'China');
insert into grupomusical (idgrupomusical, nome, biografia, origem) values (7, 'Dukal Alcohol Prep Pad', 'Donec semper sapien a libero. Nam dui. Proin leo odio, porttitor id, consequat in, consequat ut, nulla.', 'Maldives');
insert into grupomusical (idgrupomusical, nome, biografia, origem) values (8, 'LBEL divine lip gloss SPF 15', 'Donec posuere metus vitae ipsum. Aliquam non mauris.', 'Brazil');
insert into grupomusical (idgrupomusical, nome, biografia, origem) values (9, 'Allergy Relief', 'Mauris lacinia sapien quis libero.', 'Tunisia');
insert into grupomusical (idgrupomusical, nome, biografia, origem) values (10, 'PROcure Psoriapalm', 'Duis consequat dui nec nisi volutpat eleifend.', 'Uganda');
insert into grupomusical (idgrupomusical, nome, biografia, origem) values (11, 'Lexuss 210', 'Cum sociis natoque penatibus et magnis dis parturient montes, nascetur ridiculus mus. Etiam vel augue.', 'Pakistan');
insert into grupomusical (idgrupomusical, nome, biografia, origem) values (12, 'Amitriptyline Hydrochloride', 'Vivamus in felis eu sapien cursus vestibulum. Proin eu mi.', 'China');

insert into musica (idmusica, nome, ano, duracaosegundos, plays, genero, fk_grupomusical_idgrupomusical) values (1, 'Gross Anatomy (a.k.a. A Cut Above)', 1983, 203, 52, 'Comedy|Drama', 5);
insert into musica (idmusica, nome, ano, duracaosegundos, plays, genero, fk_grupomusical_idgrupomusical) values (2, 'Naked Civil Servant, The', 2001, 364, 80, 'Comedy|Drama', 10);
insert into musica (idmusica, nome, ano, duracaosegundos, plays, genero, fk_grupomusical_idgrupomusical) values (3, 'Vitelloni, I (a.k.a. The Young and the Passionate)', 2001, 378, 103, 'Drama', 3);
insert into musica (idmusica, nome, ano, duracaosegundos, plays, genero, fk_grupomusical_idgrupomusical) values (4, 'Beyond Outrage', 1995, 258, 48, 'Action', 11);
insert into musica (idmusica, nome, ano, duracaosegundos, plays, genero, fk_grupomusical_idgrupomusical) values (5, 'Phantom of the Woods', 2008, 372, 43, 'Drama|Horror|Thriller', 8);
insert into musica (idmusica, nome, ano, duracaosegundos, plays, genero, fk_grupomusical_idgrupomusical) values (6, 'A Flintstones Christmas Carol', 2002, 162, 41, 'Animation|Children|Comedy', 3);
insert into musica (idmusica, nome, ano, duracaosegundos, plays, genero, fk_grupomusical_idgrupomusical) values (7, 'Madonna''s Pig', 2003, 566, 57, 'Fantasy|Romance|Sci-Fi', 10);
insert into musica (idmusica, nome, ano, duracaosegundos, plays, genero, fk_grupomusical_idgrupomusical) values (8, 'The Rise', 2011, 436, 97, 'Crime|Drama|Thriller', 4);
insert into musica (idmusica, nome, ano, duracaosegundos, plays, genero, fk_grupomusical_idgrupomusical) values (9, 'Oh Happy Day', 2003, 211, 66, 'Comedy|Romance', 2);
insert into musica (idmusica, nome, ano, duracaosegundos, plays, genero, fk_grupomusical_idgrupomusical) values (10, 'Lantana', 1991, 349, 58, 'Drama|Mystery|Thriller', 12);
insert into musica (idmusica, nome, ano, duracaosegundos, plays, genero, fk_grupomusical_idgrupomusical) values (11, 'Torpedo Run', 2011, 280, 108, 'Drama|War', 6);
insert into musica (idmusica, nome, ano, duracaosegundos, plays, genero, fk_grupomusical_idgrupomusical) values (12, 'Teenage Caveman', 2001, 527, 128, 'Horror|Sci-Fi|Thriller', 2);
insert into musica (idmusica, nome, ano, duracaosegundos, plays, genero, fk_grupomusical_idgrupomusical) values (13, '1-900', 2000, 518, 46, 'Drama|Romance', 3);
insert into musica (idmusica, nome, ano, duracaosegundos, plays, genero, fk_grupomusical_idgrupomusical) values (14, 'Theory of Everything, The', 1984, 501, 125, 'Drama', 6);
insert into musica (idmusica, nome, ano, duracaosegundos, plays, genero, fk_grupomusical_idgrupomusical) values (15, 'Tenchi: The Samurai Astronomer', 1997, 340, 36, 'Drama', 12);
insert into musica (idmusica, nome, ano, duracaosegundos, plays, genero, fk_grupomusical_idgrupomusical) values (16, 'Red Angel (Akai tenshi)', 1997, 350, 109, 'Drama|Romance|War', 12);
insert into musica (idmusica, nome, ano, duracaosegundos, plays, genero, fk_grupomusical_idgrupomusical) values (17, 'Il fiore dai petali d''acciaio', 1999, 598, 30, 'Thriller', 11);
insert into musica (idmusica, nome, ano, duracaosegundos, plays, genero, fk_grupomusical_idgrupomusical) values (18, 'Three on a Match', 2012, 221, 117, 'Crime|Drama|Romance', 11);
insert into musica (idmusica, nome, ano, duracaosegundos, plays, genero, fk_grupomusical_idgrupomusical) values (19, 'Craig Ferguson: A Wee Bit o'' Revolution', 1995, 126, 93, 'Comedy', 4);
insert into musica (idmusica, nome, ano, duracaosegundos, plays, genero, fk_grupomusical_idgrupomusical) values (20, 'Ghost in the Shell (Kôkaku kidôtai)', 1998, 172, 54, 'Animation|Sci-Fi', 3);
insert into musica (idmusica, nome, ano, duracaosegundos, plays, genero, fk_grupomusical_idgrupomusical) values (21, 'Back to 1942 ', 1997, 570, 45, 'Drama|IMAX', 2);
insert into musica (idmusica, nome, ano, duracaosegundos, plays, genero, fk_grupomusical_idgrupomusical) values (22, 'Idlewild', 2008, 321, 67, 'Crime|Drama|Musical', 9);
insert into musica (idmusica, nome, ano, duracaosegundos, plays, genero, fk_grupomusical_idgrupomusical) values (23, 'Myriad of Lights (Lights of Ten Thousand Homes, The) (Wanjia denghuo)', 2004, 244, 50, 'Drama', 9);
insert into musica (idmusica, nome, ano, duracaosegundos, plays, genero, fk_grupomusical_idgrupomusical) values (24, 'Simon Birch', 1993, 482, 109, 'Drama', 8);
insert into musica (idmusica, nome, ano, duracaosegundos, plays, genero, fk_grupomusical_idgrupomusical) values (25, 'Autism: The Musical', 1999, 532, 101, 'Documentary', 5);
insert into musica (idmusica, nome, ano, duracaosegundos, plays, genero, fk_grupomusical_idgrupomusical) values (26, 'Slap Shot 2: Breaking the Ice', 2007, 503, 93, 'Comedy', 5);
insert into musica (idmusica, nome, ano, duracaosegundos, plays, genero, fk_grupomusical_idgrupomusical) values (27, 'SpongeBob Movie: Sponge Out of Water, The', 2006, 137, 40, 'Adventure|Animation|Children|Comedy', 12);
insert into musica (idmusica, nome, ano, duracaosegundos, plays, genero, fk_grupomusical_idgrupomusical) values (28, 'Dead Genesis', 2010, 209, 73, 'Horror', 2);
insert into musica (idmusica, nome, ano, duracaosegundos, plays, genero, fk_grupomusical_idgrupomusical) values (29, 'Teen Witch', 1986, 353, 71, 'Comedy', 6);
insert into musica (idmusica, nome, ano, duracaosegundos, plays, genero, fk_grupomusical_idgrupomusical) values (30, 'Near Dark', 1994, 205, 32, 'Horror|Western', 10);
insert into musica (idmusica, nome, ano, duracaosegundos, plays, genero, fk_grupomusical_idgrupomusical) values (31, 'Futurama: The Beast with a Billion Backs', 1999, 535, 101, 'Action|Animation|Comedy|Romance|Sci-Fi', 2);
insert into musica (idmusica, nome, ano, duracaosegundos, plays, genero, fk_grupomusical_idgrupomusical) values (32, 'Murder by Decree', 2012, 285, 38, 'Mystery|Thriller', 12);
insert into musica (idmusica, nome, ano, duracaosegundos, plays, genero, fk_grupomusical_idgrupomusical) values (33, 'Hobson''s Choice', 2007, 532, 38, 'Comedy|Drama|Romance', 4);
insert into musica (idmusica, nome, ano, duracaosegundos, plays, genero, fk_grupomusical_idgrupomusical) values (34, 'Shrek the Halls', 1973, 303, 112, 'Adventure|Animation|Comedy|Fantasy', 8);
insert into musica (idmusica, nome, ano, duracaosegundos, plays, genero, fk_grupomusical_idgrupomusical) values (35, 'Jet Lag (Décalage horaire)', 2009, 454, 86, 'Comedy|Romance', 11);
insert into musica (idmusica, nome, ano, duracaosegundos, plays, genero, fk_grupomusical_idgrupomusical) values (36, 'Ditchdigger''s Daughters, The', 2011, 399, 84, 'Drama', 2);
insert into musica (idmusica, nome, ano, duracaosegundos, plays, genero, fk_grupomusical_idgrupomusical) values (37, 'Kissing Jessica Stein', 2010, 329, 48, 'Comedy|Romance', 11);
insert into musica (idmusica, nome, ano, duracaosegundos, plays, genero, fk_grupomusical_idgrupomusical) values (38, 'Manuel on the Island of Wonders (Manoel dans l''île des merveilles)', 2010, 302, 100, 'Drama', 8);
insert into musica (idmusica, nome, ano, duracaosegundos, plays, genero, fk_grupomusical_idgrupomusical) values (39, 'Reap the Wild Wind', 1995, 591, 67, 'Action|Adventure|Drama', 2);
insert into musica (idmusica, nome, ano, duracaosegundos, plays, genero, fk_grupomusical_idgrupomusical) values (40, 'Fragile Trust: Plagiarism, Power, and Jayson Blair at the New York Times, A', 1989, 595, 127, 'Documentary', 1);
insert into musica (idmusica, nome, ano, duracaosegundos, plays, genero, fk_grupomusical_idgrupomusical) values (41, 'People, Places, Things', 1988, 132, 43, 'Comedy', 1);
insert into musica (idmusica, nome, ano, duracaosegundos, plays, genero, fk_grupomusical_idgrupomusical) values (42, 'Straight Talk', 2009, 460, 117, 'Comedy', 10);
insert into musica (idmusica, nome, ano, duracaosegundos, plays, genero, fk_grupomusical_idgrupomusical) values (43, 'Chinese Coffee', 1991, 548, 117, 'Drama', 11);
insert into musica (idmusica, nome, ano, duracaosegundos, plays, genero, fk_grupomusical_idgrupomusical) values (44, 'Blind Fury', 2011, 207, 82, 'Action|Thriller', 6);
insert into musica (idmusica, nome, ano, duracaosegundos, plays, genero, fk_grupomusical_idgrupomusical) values (45, 'Loners (Samotári)', 2004, 249, 56, 'Drama', 5);
insert into musica (idmusica, nome, ano, duracaosegundos, plays, genero, fk_grupomusical_idgrupomusical) values (46, 'Ninette', 1992, 204, 35, 'Comedy', 8);
insert into musica (idmusica, nome, ano, duracaosegundos, plays, genero, fk_grupomusical_idgrupomusical) values (47, 'Dudesons Movie, The', 2012, 152, 83, 'Comedy|Documentary', 11);
insert into musica (idmusica, nome, ano, duracaosegundos, plays, genero, fk_grupomusical_idgrupomusical) values (48, 'Chantilly Lace', 2005, 368, 48, 'Drama', 3);
insert into musica (idmusica, nome, ano, duracaosegundos, plays, genero, fk_grupomusical_idgrupomusical) values (49, 'Happy New Year', 1993, 432, 100, 'Action|Comedy|Crime|Drama|Musical|Romance', 2);
insert into musica (idmusica, nome, ano, duracaosegundos, plays, genero, fk_grupomusical_idgrupomusical) values (50, 'Virtual Sexuality', 1995, 526, 53, 'Comedy|Drama', 10);
insert into musica (idmusica, nome, ano, duracaosegundos, plays, genero, fk_grupomusical_idgrupomusical) values (51, 'Hotel', 2011, 476, 69, 'Drama', 8);
insert into musica (idmusica, nome, ano, duracaosegundos, plays, genero, fk_grupomusical_idgrupomusical) values (52, 'Held Up', 2002, 436, 59, 'Comedy', 10);
insert into musica (idmusica, nome, ano, duracaosegundos, plays, genero, fk_grupomusical_idgrupomusical) values (53, 'Man with the Gun', 2012, 153, 125, 'Western', 11);
insert into musica (idmusica, nome, ano, duracaosegundos, plays, genero, fk_grupomusical_idgrupomusical) values (54, 'Bachelor, The', 1997, 204, 123, 'Comedy|Romance', 5);
insert into musica (idmusica, nome, ano, duracaosegundos, plays, genero, fk_grupomusical_idgrupomusical) values (55, 'Jonestown: Paradise Lost', 1996, 136, 94, 'Documentary', 5);
insert into musica (idmusica, nome, ano, duracaosegundos, plays, genero, fk_grupomusical_idgrupomusical) values (56, 'Gold Rush, The', 1987, 550, 93, 'Adventure|Comedy|Romance', 7);
insert into musica (idmusica, nome, ano, duracaosegundos, plays, genero, fk_grupomusical_idgrupomusical) values (57, 'Reckoning, The', 2001, 319, 79, 'Crime|Drama', 11);
insert into musica (idmusica, nome, ano, duracaosegundos, plays, genero, fk_grupomusical_idgrupomusical) values (58, 'Final Destination 5', 2010, 490, 58, 'Horror|Thriller|IMAX', 7);
insert into musica (idmusica, nome, ano, duracaosegundos, plays, genero, fk_grupomusical_idgrupomusical) values (59, 'Vollidiot', 2000, 232, 126, 'Comedy|Drama', 11);
insert into musica (idmusica, nome, ano, duracaosegundos, plays, genero, fk_grupomusical_idgrupomusical) values (60, 'Taming of the Shrew, The', 1994, 251, 30, 'Comedy', 6);
insert into musica (idmusica, nome, ano, duracaosegundos, plays, genero, fk_grupomusical_idgrupomusical) values (61, 'Subspecies IV: Bloodstorm', 1986, 452, 43, 'Horror', 8);
insert into musica (idmusica, nome, ano, duracaosegundos, plays, genero, fk_grupomusical_idgrupomusical) values (62, 'I Don''t Want to Sleep Alone (Hei yan quan)', 1992, 392, 92, 'Comedy|Drama', 9);
insert into musica (idmusica, nome, ano, duracaosegundos, plays, genero, fk_grupomusical_idgrupomusical) values (63, 'Werewolf Boy, A (Neuk-dae-so-nyeon)', 2004, 221, 34, 'Drama|Fantasy|Romance', 12);
insert into musica (idmusica, nome, ano, duracaosegundos, plays, genero, fk_grupomusical_idgrupomusical) values (64, 'Breaktime, The (Zang-e Tafrih) (Recess)', 2008, 522, 100, 'Drama', 9);
insert into musica (idmusica, nome, ano, duracaosegundos, plays, genero, fk_grupomusical_idgrupomusical) values (65, 'Craig Ferguson: A Wee Bit o'' Revolution', 2003, 581, 107, 'Comedy', 1);
insert into musica (idmusica, nome, ano, duracaosegundos, plays, genero, fk_grupomusical_idgrupomusical) values (66, 'Where the Red Fern Grows', 2005, 453, 111, 'Children|Drama', 8);
insert into musica (idmusica, nome, ano, duracaosegundos, plays, genero, fk_grupomusical_idgrupomusical) values (67, 'Prodigal Son, The (Tuhlaajapoika)', 1972, 191, 28, 'Thriller', 7);
insert into musica (idmusica, nome, ano, duracaosegundos, plays, genero, fk_grupomusical_idgrupomusical) values (68, 'The Sea That Thinks', 1999, 557, 37, '(no genres listed)', 9);
insert into musica (idmusica, nome, ano, duracaosegundos, plays, genero, fk_grupomusical_idgrupomusical) values (69, 'Returner (Ritaanaa)', 1993, 577, 94, 'Action|Adventure|Sci-Fi', 12);
insert into musica (idmusica, nome, ano, duracaosegundos, plays, genero, fk_grupomusical_idgrupomusical) values (70, 'Café Lumière (Kôhî jikô)', 2006, 555, 99, 'Drama', 11);
insert into musica (idmusica, nome, ano, duracaosegundos, plays, genero, fk_grupomusical_idgrupomusical) values (71, 'Front Page Woman', 1985, 223, 114, 'Comedy|Romance', 11);
insert into musica (idmusica, nome, ano, duracaosegundos, plays, genero, fk_grupomusical_idgrupomusical) values (72, 'Informer, The', 2007, 264, 27, 'Crime|Drama', 4);
insert into musica (idmusica, nome, ano, duracaosegundos, plays, genero, fk_grupomusical_idgrupomusical) values (73, 'Big Top Pee-Wee', 1990, 367, 57, 'Adventure|Children|Comedy', 3);
insert into musica (idmusica, nome, ano, duracaosegundos, plays, genero, fk_grupomusical_idgrupomusical) values (74, 'Unfair Competition (Concorrenza sleale)', 2000, 471, 42, 'Drama|War', 12);
insert into musica (idmusica, nome, ano, duracaosegundos, plays, genero, fk_grupomusical_idgrupomusical) values (75, 'La Première étoile', 1996, 539, 59, 'Comedy', 8);

insert into perfilredesocial (idperfilredesocial, nome, url, seguidores, fk_grupomusical_idgrupomusical, fk_evento_idevento) values (1, 'Hatity', 'http://shinystat.com/donec/ut/dolor/morbi.aspx', 5984, null, 6);
insert into perfilredesocial (idperfilredesocial, nome, url, seguidores, fk_grupomusical_idgrupomusical, fk_evento_idevento) values (2, 'Flexidy', 'http://netscape.com/in/purus/eu/magna/vulputate.jpg', 3264, null, 5);
insert into perfilredesocial (idperfilredesocial, nome, url, seguidores, fk_grupomusical_idgrupomusical, fk_evento_idevento) values (3, 'Andalax', 'https://cbc.ca/dapibus/dolor/vel/est/donec/odio.xml', 3983, null, 2);
insert into perfilredesocial (idperfilredesocial, nome, url, seguidores, fk_grupomusical_idgrupomusical, fk_evento_idevento) values (4, 'Y-find', 'https://tumblr.com/dolor/sit/amet/consectetuer/adipiscing/elit.html', 5355, null, 7);
insert into perfilredesocial (idperfilredesocial, nome, url, seguidores, fk_grupomusical_idgrupomusical, fk_evento_idevento) values (5, 'Prodder', 'http://cam.ac.uk/lacus/curabitur/at/ipsum/ac.js', 3042, null, 8);
insert into perfilredesocial (idperfilredesocial, nome, url, seguidores, fk_grupomusical_idgrupomusical, fk_evento_idevento) values (6, 'Toughjoyfax', 'https://nydailynews.com/faucibus/accumsan/odio/curabitur/convallis/duis/consequat.png', 12033, null, 7);
insert into perfilredesocial (idperfilredesocial, nome, url, seguidores, fk_grupomusical_idgrupomusical, fk_evento_idevento) values (7, 'Regrant', 'https://wsj.com/ridiculus/mus/etiam/vel/augue/vestibulum/rutrum.html', 11441, null, 5);
insert into perfilredesocial (idperfilredesocial, nome, url, seguidores, fk_grupomusical_idgrupomusical, fk_evento_idevento) values (8, 'Bamity', 'https://cloudflare.com/semper/sapien/a/libero/nam/dui.jsp', 10273, null, 2);
insert into perfilredesocial (idperfilredesocial, nome, url, seguidores, fk_grupomusical_idgrupomusical, fk_evento_idevento) values (9, 'Lotstring', 'http://clickbank.net/quam/pharetra/magna.xml', 4585, null, 9);
insert into perfilredesocial (idperfilredesocial, nome, url, seguidores, fk_grupomusical_idgrupomusical, fk_evento_idevento) values (10, 'Konklux', 'http://techcrunch.com/sapien/varius.xml', 9544, null, 9);
insert into perfilredesocial (idperfilredesocial, nome, url, seguidores, fk_grupomusical_idgrupomusical, fk_evento_idevento) values (11, 'Keylex', 'https://com.com/accumsan/odio.html', 9325, null, 2);
insert into perfilredesocial (idperfilredesocial, nome, url, seguidores, fk_grupomusical_idgrupomusical, fk_evento_idevento) values (12, 'Flexidy', 'https://usatoday.com/erat/curabitur/gravida/nisi/at/nibh/in.html', 6963, null, 1);
insert into perfilredesocial (idperfilredesocial, nome, url, seguidores, fk_grupomusical_idgrupomusical, fk_evento_idevento) values (13, 'Span', 'http://yahoo.co.jp/viverra.aspx', 11381, null, 8);
insert into perfilredesocial (idperfilredesocial, nome, url, seguidores, fk_grupomusical_idgrupomusical, fk_evento_idevento) values (14, 'Tresom', 'http://nasa.gov/vel/nulla/eget/eros/elementum.png', 7382, null, 8);
insert into perfilredesocial (idperfilredesocial, nome, url, seguidores, fk_grupomusical_idgrupomusical, fk_evento_idevento) values (15, 'Andalax', 'https://cdc.gov/quisque/ut/erat.json', 9825, null, 8);
insert into perfilredesocial (idperfilredesocial, nome, url, seguidores, fk_grupomusical_idgrupomusical, fk_evento_idevento) values (16, 'Regrant', 'https://stanford.edu/leo/maecenas/pulvinar/lobortis/est.json', 10301, null, 3);
insert into perfilredesocial (idperfilredesocial, nome, url, seguidores, fk_grupomusical_idgrupomusical, fk_evento_idevento) values (17, 'Stringtough', 'https://businesswire.com/consequat/nulla/nisl/nunc/nisl.js', 11760, null, 8);
insert into perfilredesocial (idperfilredesocial, nome, url, seguidores, fk_grupomusical_idgrupomusical, fk_evento_idevento) values (18, 'Ronstring', 'http://google.ru/risus/praesent/lectus/vestibulum/quam/sapien.js', 1925, null, 1);
insert into perfilredesocial (idperfilredesocial, nome, url, seguidores, fk_grupomusical_idgrupomusical, fk_evento_idevento) values (19, 'Duobam', 'http://yolasite.com/arcu.xml', 5279, null, 2);
insert into perfilredesocial (idperfilredesocial, nome, url, seguidores, fk_grupomusical_idgrupomusical, fk_evento_idevento) values (20, 'Veribet', 'https://phpbb.com/orci/pede.jpg', 9804, null, 5);
insert into perfilredesocial (idperfilredesocial, nome, url, seguidores, fk_grupomusical_idgrupomusical, fk_evento_idevento) values (21, 'Voltsillam', 'http://addtoany.com/vestibulum/eget/vulputate.html', 12034, null, 10);
insert into perfilredesocial (idperfilredesocial, nome, url, seguidores, fk_grupomusical_idgrupomusical, fk_evento_idevento) values (22, 'Flowdesk', 'http://cmu.edu/vel/lectus/in/quam.png', 11004, null, 3);
insert into perfilredesocial (idperfilredesocial, nome, url, seguidores, fk_grupomusical_idgrupomusical, fk_evento_idevento) values (23, 'Prodder', 'http://unicef.org/quam/pede/lobortis/ligula/sit/amet/eleifend.json', 7691, null, 9);
insert into perfilredesocial (idperfilredesocial, nome, url, seguidores, fk_grupomusical_idgrupomusical, fk_evento_idevento) values (24, 'Tresom', 'https://clickbank.net/commodo/vulputate/justo/in/blandit/ultrices.html', 3573, null, 2);
insert into perfilredesocial (idperfilredesocial, nome, url, seguidores, fk_grupomusical_idgrupomusical, fk_evento_idevento) values (25, 'Daltfresh', 'https://loc.gov/sagittis/nam/congue/risus/semper/porta/volutpat.html', 4976, null, 10);
insert into perfilredesocial (idperfilredesocial, nome, url, seguidores, fk_grupomusical_idgrupomusical, fk_evento_idevento) values (26, 'Subin', 'https://topsy.com/amet/nulla.aspx', 10221, 7, null);
insert into perfilredesocial (idperfilredesocial, nome, url, seguidores, fk_grupomusical_idgrupomusical, fk_evento_idevento) values (27, 'Andalax', 'https://ebay.co.uk/vulputate/justo/in/blandit/ultrices/enim.html', 4691, 7, null);
insert into perfilredesocial (idperfilredesocial, nome, url, seguidores, fk_grupomusical_idgrupomusical, fk_evento_idevento) values (28, 'Voltsillam', 'https://gmpg.org/in/porttitor/pede.jpg', 10900, 6, null);
insert into perfilredesocial (idperfilredesocial, nome, url, seguidores, fk_grupomusical_idgrupomusical, fk_evento_idevento) values (29, 'Prodder', 'https://chronoengine.com/nibh/ligula.jsp', 4818, 6, null);
insert into perfilredesocial (idperfilredesocial, nome, url, seguidores, fk_grupomusical_idgrupomusical, fk_evento_idevento) values (30, 'Rank', 'https://google.es/viverra.js', 10546, 12, null);
insert into perfilredesocial (idperfilredesocial, nome, url, seguidores, fk_grupomusical_idgrupomusical, fk_evento_idevento) values (31, 'Stringtough', 'http://unblog.fr/aliquet/massa/id/lobortis.js', 8238, 6, null);
insert into perfilredesocial (idperfilredesocial, nome, url, seguidores, fk_grupomusical_idgrupomusical, fk_evento_idevento) values (32, 'Konklab', 'http://xing.com/elementum/ligula/vehicula.json', 6643, 5, null);
insert into perfilredesocial (idperfilredesocial, nome, url, seguidores, fk_grupomusical_idgrupomusical, fk_evento_idevento) values (33, 'Zathin', 'https://ibm.com/aliquam/augue/quam/sollicitudin.xml', 11730, 1, null);
insert into perfilredesocial (idperfilredesocial, nome, url, seguidores, fk_grupomusical_idgrupomusical, fk_evento_idevento) values (34, 'Zathin', 'http://ihg.com/at/lorem/integer/tincidunt/ante.jsp', 2224, 11, null);
insert into perfilredesocial (idperfilredesocial, nome, url, seguidores, fk_grupomusical_idgrupomusical, fk_evento_idevento) values (35, 'Tres-Zap', 'https://tiny.cc/nulla/suspendisse/potenti/cras/in/purus/eu.xml', 7789, 1, null);
insert into perfilredesocial (idperfilredesocial, nome, url, seguidores, fk_grupomusical_idgrupomusical, fk_evento_idevento) values (36, 'Matsoft', 'https://ebay.com/ultrices/enim/lorem.js', 8822, 6, null);
insert into perfilredesocial (idperfilredesocial, nome, url, seguidores, fk_grupomusical_idgrupomusical, fk_evento_idevento) values (37, 'Alphazap', 'http://adobe.com/orci/luctus/et/ultrices/posuere/cubilia/curae.aspx', 2142, 2, null);
insert into perfilredesocial (idperfilredesocial, nome, url, seguidores, fk_grupomusical_idgrupomusical, fk_evento_idevento) values (38, 'Redhold', 'http://privacy.gov.au/id/justo.html', 2115, 1, null);
insert into perfilredesocial (idperfilredesocial, nome, url, seguidores, fk_grupomusical_idgrupomusical, fk_evento_idevento) values (39, 'Temp', 'https://netscape.com/nam/congue/risus/semper.jpg', 12228, 3, null);
insert into perfilredesocial (idperfilredesocial, nome, url, seguidores, fk_grupomusical_idgrupomusical, fk_evento_idevento) values (40, 'Veribet', 'https://sfgate.com/blandit/nam/nulla/integer/pede/justo/lacinia.jsp', 8743, 11, null);
insert into perfilredesocial (idperfilredesocial, nome, url, seguidores, fk_grupomusical_idgrupomusical, fk_evento_idevento) values (41, 'Rank', 'http://mapy.cz/semper/rutrum/nulla.jsp', 10018, 3, null);
insert into perfilredesocial (idperfilredesocial, nome, url, seguidores, fk_grupomusical_idgrupomusical, fk_evento_idevento) values (42, 'Prodder', 'https://mediafire.com/orci/mauris/lacinia/sapien/quis.jsp', 4370, 3, null);
insert into perfilredesocial (idperfilredesocial, nome, url, seguidores, fk_grupomusical_idgrupomusical, fk_evento_idevento) values (43, 'Stronghold', 'https://homestead.com/sit.html', 11236, 8, null);
insert into perfilredesocial (idperfilredesocial, nome, url, seguidores, fk_grupomusical_idgrupomusical, fk_evento_idevento) values (44, 'Solarbreeze', 'https://cbc.ca/varius/integer/ac/leo/pellentesque.aspx', 1857, 6, null);
insert into perfilredesocial (idperfilredesocial, nome, url, seguidores, fk_grupomusical_idgrupomusical, fk_evento_idevento) values (45, 'Bytecard', 'https://hostgator.com/vel.html', 3017, 6, null);
insert into perfilredesocial (idperfilredesocial, nome, url, seguidores, fk_grupomusical_idgrupomusical, fk_evento_idevento) values (46, 'Zontrax', 'http://rediff.com/adipiscing/elit/proin.html', 7095, 8, null);
insert into perfilredesocial (idperfilredesocial, nome, url, seguidores, fk_grupomusical_idgrupomusical, fk_evento_idevento) values (47, 'Vagram', 'http://prlog.org/mauris/non/ligula.js', 6765, 9, null);
insert into perfilredesocial (idperfilredesocial, nome, url, seguidores, fk_grupomusical_idgrupomusical, fk_evento_idevento) values (48, 'Cardguard', 'http://elpais.com/quam/pede/lobortis/ligula/sit/amet/eleifend.jpg', 3782, 8, null);
insert into perfilredesocial (idperfilredesocial, nome, url, seguidores, fk_grupomusical_idgrupomusical, fk_evento_idevento) values (49, 'Job', 'https://time.com/arcu.jsp', 8253, 2, null);
insert into perfilredesocial (idperfilredesocial, nome, url, seguidores, fk_grupomusical_idgrupomusical, fk_evento_idevento) values (50, 'Treeflex', 'http://edublogs.org/dui/luctus/rutrum/nulla/tellus/in/sagittis.png', 10839, 1, null);






palestrante,organizador,ministrante do tutorial,juiz,concursando,promotor de atividade,responsável pela sessão,responsável pela atividade,promotor,participante do comitê,staff,público geral