CPF,CNPJ
829.970.540-10,66.326.342/0001-04
021.807.300-39,08.791.643/0001-02
151.494.480-44,18.390.989/0001-52
943.998.500-35,94.825.933/0001-61
408.846.490-75,03.778.216/0001-70
409.076.550-17,14.534.008/0001-42
220.375.200-93,99.572.268/0001-65
412.686.630-26,63.710.593/0001-08
752.287.140-90,44.171.831/0001-00
688.470.120-07,89.630.379/0001-27
543.374.600-39,79.960.901/0001-85
651.754.580-86,84.167.105/0001-20
364.471.710-92,44.024.617/0001-12
818.046.570-50,81.796.406/0001-24
385.218.290-51,20.725.749/0001-03